Facility Code,Commodity Type,Period,Ideal Stock Amount
N003,UNSPSC|51201647,SCH001|Jan2017,9400
N003,UNSPSC|51201647,SCH001|Feb2017,4000
N003,UNSPSC|51201647,SCH001|Mar2017,1100
N003,UNSPSC|51201647,SCH001|Apr2017,5300
N003,UNSPSC|51201647,SCH001|May2017,1300
N003,UNSPSC|51201647,SCH001|Jun2017,2300
N003,UNSPSC|51201647,SCH001|Jul2017,1900
N003,UNSPSC|51201647,SCH001|Aug2017,2700
N003,UNSPSC|51201647,SCH001|Sep2017,9100
N003,UNSPSC|51201647,SCH001|Oct2017,5400
N003,UNSPSC|51201647,SCH001|Nov2017,8100
N003,UNSPSC|51201647,SCH001|Dec2017,6900
N003,UNSPSC|51201647,SCH001|Jan2018,8900
N003,UNSPSC|51201647,SCH001|Feb2018,2800
N003,UNSPSC|51201647,SCH001|Mar2018,5700
N003,UNSPSC|51201647,SCH001|Apr2018,4600
N003,UNSPSC|51201647,SCH001|May2018,4100
N003,UNSPSC|51201647,SCH001|Jun2018,2400
N003,UNSPSC|51201647,SCH001|Jul2018,9700
N003,UNSPSC|51201647,SCH001|Aug2018,1800
N003,UNSPSC|51201647,SCH001|Sep2018,2000
N003,UNSPSC|51201647,SCH001|Oct2018,8900
N003,UNSPSC|51201647,SCH001|Nov2018,5800
N003,UNSPSC|51201647,SCH001|Dec2018,5600
N003,UNSPSC|51201616,SCH001|Jan2017,9300
N003,UNSPSC|51201616,SCH001|Feb2017,2000
N003,UNSPSC|51201616,SCH001|Mar2017,6500
N003,UNSPSC|51201616,SCH001|Apr2017,7200
N003,UNSPSC|51201616,SCH001|May2017,1800
N003,UNSPSC|51201616,SCH001|Jun2017,8000
N003,UNSPSC|51201616,SCH001|Jul2017,2600
N003,UNSPSC|51201616,SCH001|Aug2017,1000
N003,UNSPSC|51201616,SCH001|Sep2017,6000
N003,UNSPSC|51201616,SCH001|Oct2017,4200
N003,UNSPSC|51201616,SCH001|Nov2017,8400
N003,UNSPSC|51201616,SCH001|Dec2017,5000
N003,UNSPSC|51201616,SCH001|Jan2018,1300
N003,UNSPSC|51201616,SCH001|Feb2018,3300
N003,UNSPSC|51201616,SCH001|Mar2018,2500
N003,UNSPSC|51201616,SCH001|Apr2018,1700
N003,UNSPSC|51201616,SCH001|May2018,8900
N003,UNSPSC|51201616,SCH001|Jun2018,5500
N003,UNSPSC|51201616,SCH001|Jul2018,2100
N003,UNSPSC|51201616,SCH001|Aug2018,6000
N003,UNSPSC|51201616,SCH001|Sep2018,4000
N003,UNSPSC|51201616,SCH001|Oct2018,5800
N003,UNSPSC|51201616,SCH001|Nov2018,7700
N003,UNSPSC|51201616,SCH001|Dec2018,7200
N003,UNSPSC|51201634,SCH001|Jan2017,9300
N003,UNSPSC|51201634,SCH001|Feb2017,8100
N003,UNSPSC|51201634,SCH001|Mar2017,5000
N003,UNSPSC|51201634,SCH001|Apr2017,4500
N003,UNSPSC|51201634,SCH001|May2017,3000
N003,UNSPSC|51201634,SCH001|Jun2017,6900
N003,UNSPSC|51201634,SCH001|Jul2017,2500
N003,UNSPSC|51201634,SCH001|Aug2017,1600
N003,UNSPSC|51201634,SCH001|Sep2017,7300
N003,UNSPSC|51201634,SCH001|Oct2017,4000
N003,UNSPSC|51201634,SCH001|Nov2017,8500
N003,UNSPSC|51201634,SCH001|Dec2017,3500
N003,UNSPSC|51201634,SCH001|Jan2018,7300
N003,UNSPSC|51201634,SCH001|Feb2018,8200
N003,UNSPSC|51201634,SCH001|Mar2018,5700
N003,UNSPSC|51201634,SCH001|Apr2018,1700
N003,UNSPSC|51201634,SCH001|May2018,2900
N003,UNSPSC|51201634,SCH001|Jun2018,8900
N003,UNSPSC|51201634,SCH001|Jul2018,2800
N003,UNSPSC|51201634,SCH001|Aug2018,8700
N003,UNSPSC|51201634,SCH001|Sep2018,2800
N003,UNSPSC|51201634,SCH001|Oct2018,1700
N003,UNSPSC|51201634,SCH001|Nov2018,6100
N003,UNSPSC|51201634,SCH001|Dec2018,9600
N003,UNSPSC|51201615,SCH001|Jan2017,8300
N003,UNSPSC|51201615,SCH001|Feb2017,9900
N003,UNSPSC|51201615,SCH001|Mar2017,8500
N003,UNSPSC|51201615,SCH001|Apr2017,2000
N003,UNSPSC|51201615,SCH001|May2017,5000
N003,UNSPSC|51201615,SCH001|Jun2017,6800
N003,UNSPSC|51201615,SCH001|Jul2017,3900
N003,UNSPSC|51201615,SCH001|Aug2017,9500
N003,UNSPSC|51201615,SCH001|Sep2017,7900
N003,UNSPSC|51201615,SCH001|Oct2017,7300
N003,UNSPSC|51201615,SCH001|Nov2017,2300
N003,UNSPSC|51201615,SCH001|Dec2017,1600
N003,UNSPSC|51201615,SCH001|Jan2018,4900
N003,UNSPSC|51201615,SCH001|Feb2018,1800
N003,UNSPSC|51201615,SCH001|Mar2018,2500
N003,UNSPSC|51201615,SCH001|Apr2018,5800
N003,UNSPSC|51201615,SCH001|May2018,3700
N003,UNSPSC|51201615,SCH001|Jun2018,2800
N003,UNSPSC|51201615,SCH001|Jul2018,4900
N003,UNSPSC|51201615,SCH001|Aug2018,1500
N003,UNSPSC|51201615,SCH001|Sep2018,1600
N003,UNSPSC|51201615,SCH001|Oct2018,1700
N003,UNSPSC|51201615,SCH001|Nov2018,4500
N003,UNSPSC|51201615,SCH001|Dec2018,2300
N003,UNSPSC|51201618,SCH001|Jan2017,1500
N003,UNSPSC|51201618,SCH001|Feb2017,4300
N003,UNSPSC|51201618,SCH001|Mar2017,4000
N003,UNSPSC|51201618,SCH001|Apr2017,6100
N003,UNSPSC|51201618,SCH001|May2017,2800
N003,UNSPSC|51201618,SCH001|Jun2017,8600
N003,UNSPSC|51201618,SCH001|Jul2017,2400
N003,UNSPSC|51201618,SCH001|Aug2017,5000
N003,UNSPSC|51201618,SCH001|Sep2017,3900
N003,UNSPSC|51201618,SCH001|Oct2017,6600
N003,UNSPSC|51201618,SCH001|Nov2017,8200
N003,UNSPSC|51201618,SCH001|Dec2017,7100
N003,UNSPSC|51201618,SCH001|Jan2018,2800
N003,UNSPSC|51201618,SCH001|Feb2018,7300
N003,UNSPSC|51201618,SCH001|Mar2018,3700
N003,UNSPSC|51201618,SCH001|Apr2018,2100
N003,UNSPSC|51201618,SCH001|May2018,8700
N003,UNSPSC|51201618,SCH001|Jun2018,7400
N003,UNSPSC|51201618,SCH001|Jul2018,7400
N003,UNSPSC|51201618,SCH001|Aug2018,6200
N003,UNSPSC|51201618,SCH001|Sep2018,7200
N003,UNSPSC|51201618,SCH001|Oct2018,4400
N003,UNSPSC|51201618,SCH001|Nov2018,4600
N003,UNSPSC|51201618,SCH001|Dec2018,9300
N003,UNSPSC|51201609,SCH001|Jan2017,2100
N003,UNSPSC|51201609,SCH001|Feb2017,7000
N003,UNSPSC|51201609,SCH001|Mar2017,9700
N003,UNSPSC|51201609,SCH001|Apr2017,6600
N003,UNSPSC|51201609,SCH001|May2017,5700
N003,UNSPSC|51201609,SCH001|Jun2017,2000
N003,UNSPSC|51201609,SCH001|Jul2017,9300
N003,UNSPSC|51201609,SCH001|Aug2017,4000
N003,UNSPSC|51201609,SCH001|Sep2017,4600
N003,UNSPSC|51201609,SCH001|Oct2017,5000
N003,UNSPSC|51201609,SCH001|Nov2017,5900
N003,UNSPSC|51201609,SCH001|Dec2017,3400
N003,UNSPSC|51201609,SCH001|Jan2018,7300
N003,UNSPSC|51201609,SCH001|Feb2018,9600
N003,UNSPSC|51201609,SCH001|Mar2018,2700
N003,UNSPSC|51201609,SCH001|Apr2018,5500
N003,UNSPSC|51201609,SCH001|May2018,1800
N003,UNSPSC|51201609,SCH001|Jun2018,8000
N003,UNSPSC|51201609,SCH001|Jul2018,2400
N003,UNSPSC|51201609,SCH001|Aug2018,5900
N003,UNSPSC|51201609,SCH001|Sep2018,7500
N003,UNSPSC|51201609,SCH001|Oct2018,3000
N003,UNSPSC|51201609,SCH001|Nov2018,4100
N003,UNSPSC|51201609,SCH001|Dec2018,4900
N003,UNSPSC|51201621,SCH001|Jan2017,1400
N003,UNSPSC|51201621,SCH001|Feb2017,3100
N003,UNSPSC|51201621,SCH001|Mar2017,8900
N003,UNSPSC|51201621,SCH001|Apr2017,2000
N003,UNSPSC|51201621,SCH001|May2017,6500
N003,UNSPSC|51201621,SCH001|Jun2017,3400
N003,UNSPSC|51201621,SCH001|Jul2017,2400
N003,UNSPSC|51201621,SCH001|Aug2017,5000
N003,UNSPSC|51201621,SCH001|Sep2017,9200
N003,UNSPSC|51201621,SCH001|Oct2017,9300
N003,UNSPSC|51201621,SCH001|Nov2017,7900
N003,UNSPSC|51201621,SCH001|Dec2017,5400
N003,UNSPSC|51201621,SCH001|Jan2018,2700
N003,UNSPSC|51201621,SCH001|Feb2018,8100
N003,UNSPSC|51201621,SCH001|Mar2018,5000
N003,UNSPSC|51201621,SCH001|Apr2018,1000
N003,UNSPSC|51201621,SCH001|May2018,2400
N003,UNSPSC|51201621,SCH001|Jun2018,4500
N003,UNSPSC|51201621,SCH001|Jul2018,5700
N003,UNSPSC|51201621,SCH001|Aug2018,6500
N003,UNSPSC|51201621,SCH001|Sep2018,1800
N003,UNSPSC|51201621,SCH001|Oct2018,2400
N003,UNSPSC|51201621,SCH001|Nov2018,9700
N003,UNSPSC|51201621,SCH001|Dec2018,6800
N007,UNSPSC|51201647,SCH001|Jan2017,1800
N007,UNSPSC|51201647,SCH001|Feb2017,2700
N007,UNSPSC|51201647,SCH001|Mar2017,5100
N007,UNSPSC|51201647,SCH001|Apr2017,5100
N007,UNSPSC|51201647,SCH001|May2017,6900
N007,UNSPSC|51201647,SCH001|Jun2017,3800
N007,UNSPSC|51201647,SCH001|Jul2017,9200
N007,UNSPSC|51201647,SCH001|Aug2017,4600
N007,UNSPSC|51201647,SCH001|Sep2017,8400
N007,UNSPSC|51201647,SCH001|Oct2017,7000
N007,UNSPSC|51201647,SCH001|Nov2017,3900
N007,UNSPSC|51201647,SCH001|Dec2017,8600
N007,UNSPSC|51201647,SCH001|Jan2018,7100
N007,UNSPSC|51201647,SCH001|Feb2018,7600
N007,UNSPSC|51201647,SCH001|Mar2018,4200
N007,UNSPSC|51201647,SCH001|Apr2018,4200
N007,UNSPSC|51201647,SCH001|May2018,7300
N007,UNSPSC|51201647,SCH001|Jun2018,9800
N007,UNSPSC|51201647,SCH001|Jul2018,2000
N007,UNSPSC|51201647,SCH001|Aug2018,7100
N007,UNSPSC|51201647,SCH001|Sep2018,6800
N007,UNSPSC|51201647,SCH001|Oct2018,4400
N007,UNSPSC|51201647,SCH001|Nov2018,4200
N007,UNSPSC|51201647,SCH001|Dec2018,8000
N007,UNSPSC|51201616,SCH001|Jan2017,7000
N007,UNSPSC|51201616,SCH001|Feb2017,4300
N007,UNSPSC|51201616,SCH001|Mar2017,5700
N007,UNSPSC|51201616,SCH001|Apr2017,4200
N007,UNSPSC|51201616,SCH001|May2017,2300
N007,UNSPSC|51201616,SCH001|Jun2017,7300
N007,UNSPSC|51201616,SCH001|Jul2017,9700
N007,UNSPSC|51201616,SCH001|Aug2017,7700
N007,UNSPSC|51201616,SCH001|Sep2017,7100
N007,UNSPSC|51201616,SCH001|Oct2017,7000
N007,UNSPSC|51201616,SCH001|Nov2017,4400
N007,UNSPSC|51201616,SCH001|Dec2017,7900
N007,UNSPSC|51201616,SCH001|Jan2018,1400
N007,UNSPSC|51201616,SCH001|Feb2018,1000
N007,UNSPSC|51201616,SCH001|Mar2018,5300
N007,UNSPSC|51201616,SCH001|Apr2018,7700
N007,UNSPSC|51201616,SCH001|May2018,3900
N007,UNSPSC|51201616,SCH001|Jun2018,1400
N007,UNSPSC|51201616,SCH001|Jul2018,5500
N007,UNSPSC|51201616,SCH001|Aug2018,2700
N007,UNSPSC|51201616,SCH001|Sep2018,2500
N007,UNSPSC|51201616,SCH001|Oct2018,5700
N007,UNSPSC|51201616,SCH001|Nov2018,2100
N007,UNSPSC|51201616,SCH001|Dec2018,8900
N007,UNSPSC|51201634,SCH001|Jan2017,5800
N007,UNSPSC|51201634,SCH001|Feb2017,6900
N007,UNSPSC|51201634,SCH001|Mar2017,2400
N007,UNSPSC|51201634,SCH001|Apr2017,4300
N007,UNSPSC|51201634,SCH001|May2017,8200
N007,UNSPSC|51201634,SCH001|Jun2017,2900
N007,UNSPSC|51201634,SCH001|Jul2017,3200
N007,UNSPSC|51201634,SCH001|Aug2017,4100
N007,UNSPSC|51201634,SCH001|Sep2017,6100
N007,UNSPSC|51201634,SCH001|Oct2017,9800
N007,UNSPSC|51201634,SCH001|Nov2017,7400
N007,UNSPSC|51201634,SCH001|Dec2017,9400
N007,UNSPSC|51201634,SCH001|Jan2018,5600
N007,UNSPSC|51201634,SCH001|Feb2018,9200
N007,UNSPSC|51201634,SCH001|Mar2018,6100
N007,UNSPSC|51201634,SCH001|Apr2018,2000
N007,UNSPSC|51201634,SCH001|May2018,1400
N007,UNSPSC|51201634,SCH001|Jun2018,8500
N007,UNSPSC|51201634,SCH001|Jul2018,2200
N007,UNSPSC|51201634,SCH001|Aug2018,8000
N007,UNSPSC|51201634,SCH001|Sep2018,9000
N007,UNSPSC|51201634,SCH001|Oct2018,6300
N007,UNSPSC|51201634,SCH001|Nov2018,3900
N007,UNSPSC|51201634,SCH001|Dec2018,7000
N007,UNSPSC|51201615,SCH001|Jan2017,8200
N007,UNSPSC|51201615,SCH001|Feb2017,5000
N007,UNSPSC|51201615,SCH001|Mar2017,3000
N007,UNSPSC|51201615,SCH001|Apr2017,3600
N007,UNSPSC|51201615,SCH001|May2017,2400
N007,UNSPSC|51201615,SCH001|Jun2017,7900
N007,UNSPSC|51201615,SCH001|Jul2017,1300
N007,UNSPSC|51201615,SCH001|Aug2017,1900
N007,UNSPSC|51201615,SCH001|Sep2017,2600
N007,UNSPSC|51201615,SCH001|Oct2017,1300
N007,UNSPSC|51201615,SCH001|Nov2017,2600
N007,UNSPSC|51201615,SCH001|Dec2017,7200
N007,UNSPSC|51201615,SCH001|Jan2018,7600
N007,UNSPSC|51201615,SCH001|Feb2018,3800
N007,UNSPSC|51201615,SCH001|Mar2018,8700
N007,UNSPSC|51201615,SCH001|Apr2018,3700
N007,UNSPSC|51201615,SCH001|May2018,4600
N007,UNSPSC|51201615,SCH001|Jun2018,9000
N007,UNSPSC|51201615,SCH001|Jul2018,1400
N007,UNSPSC|51201615,SCH001|Aug2018,9000
N007,UNSPSC|51201615,SCH001|Sep2018,9500
N007,UNSPSC|51201615,SCH001|Oct2018,1600
N007,UNSPSC|51201615,SCH001|Nov2018,7200
N007,UNSPSC|51201615,SCH001|Dec2018,2200
N007,UNSPSC|51201618,SCH001|Jan2017,3100
N007,UNSPSC|51201618,SCH001|Feb2017,7100
N007,UNSPSC|51201618,SCH001|Mar2017,2700
N007,UNSPSC|51201618,SCH001|Apr2017,7300
N007,UNSPSC|51201618,SCH001|May2017,7700
N007,UNSPSC|51201618,SCH001|Jun2017,3500
N007,UNSPSC|51201618,SCH001|Jul2017,3800
N007,UNSPSC|51201618,SCH001|Aug2017,4900
N007,UNSPSC|51201618,SCH001|Sep2017,3100
N007,UNSPSC|51201618,SCH001|Oct2017,8700
N007,UNSPSC|51201618,SCH001|Nov2017,3400
N007,UNSPSC|51201618,SCH001|Dec2017,6100
N007,UNSPSC|51201618,SCH001|Jan2018,5400
N007,UNSPSC|51201618,SCH001|Feb2018,7600
N007,UNSPSC|51201618,SCH001|Mar2018,8100
N007,UNSPSC|51201618,SCH001|Apr2018,9800
N007,UNSPSC|51201618,SCH001|May2018,3600
N007,UNSPSC|51201618,SCH001|Jun2018,6800
N007,UNSPSC|51201618,SCH001|Jul2018,3100
N007,UNSPSC|51201618,SCH001|Aug2018,9900
N007,UNSPSC|51201618,SCH001|Sep2018,1900
N007,UNSPSC|51201618,SCH001|Oct2018,8400
N007,UNSPSC|51201618,SCH001|Nov2018,2500
N007,UNSPSC|51201618,SCH001|Dec2018,7800
N007,UNSPSC|51201609,SCH001|Jan2017,4700
N007,UNSPSC|51201609,SCH001|Feb2017,4500
N007,UNSPSC|51201609,SCH001|Mar2017,4900
N007,UNSPSC|51201609,SCH001|Apr2017,3800
N007,UNSPSC|51201609,SCH001|May2017,2100
N007,UNSPSC|51201609,SCH001|Jun2017,4900
N007,UNSPSC|51201609,SCH001|Jul2017,8000
N007,UNSPSC|51201609,SCH001|Aug2017,9800
N007,UNSPSC|51201609,SCH001|Sep2017,3200
N007,UNSPSC|51201609,SCH001|Oct2017,3700
N007,UNSPSC|51201609,SCH001|Nov2017,6400
N007,UNSPSC|51201609,SCH001|Dec2017,2400
N007,UNSPSC|51201609,SCH001|Jan2018,5700
N007,UNSPSC|51201609,SCH001|Feb2018,1800
N007,UNSPSC|51201609,SCH001|Mar2018,3600
N007,UNSPSC|51201609,SCH001|Apr2018,5300
N007,UNSPSC|51201609,SCH001|May2018,3300
N007,UNSPSC|51201609,SCH001|Jun2018,5000
N007,UNSPSC|51201609,SCH001|Jul2018,1100
N007,UNSPSC|51201609,SCH001|Aug2018,7200
N007,UNSPSC|51201609,SCH001|Sep2018,7500
N007,UNSPSC|51201609,SCH001|Oct2018,5600
N007,UNSPSC|51201609,SCH001|Nov2018,7000
N007,UNSPSC|51201609,SCH001|Dec2018,8600
N007,UNSPSC|51201621,SCH001|Jan2017,8100
N007,UNSPSC|51201621,SCH001|Feb2017,9000
N007,UNSPSC|51201621,SCH001|Mar2017,7600
N007,UNSPSC|51201621,SCH001|Apr2017,8300
N007,UNSPSC|51201621,SCH001|May2017,3900
N007,UNSPSC|51201621,SCH001|Jun2017,5000
N007,UNSPSC|51201621,SCH001|Jul2017,4000
N007,UNSPSC|51201621,SCH001|Aug2017,2800
N007,UNSPSC|51201621,SCH001|Sep2017,4100
N007,UNSPSC|51201621,SCH001|Oct2017,1700
N007,UNSPSC|51201621,SCH001|Nov2017,8800
N007,UNSPSC|51201621,SCH001|Dec2017,4000
N007,UNSPSC|51201621,SCH001|Jan2018,1700
N007,UNSPSC|51201621,SCH001|Feb2018,9700
N007,UNSPSC|51201621,SCH001|Mar2018,2700
N007,UNSPSC|51201621,SCH001|Apr2018,2600
N007,UNSPSC|51201621,SCH001|May2018,6500
N007,UNSPSC|51201621,SCH001|Jun2018,7800
N007,UNSPSC|51201621,SCH001|Jul2018,3400
N007,UNSPSC|51201621,SCH001|Aug2018,3800
N007,UNSPSC|51201621,SCH001|Sep2018,6600
N007,UNSPSC|51201621,SCH001|Oct2018,9100
N007,UNSPSC|51201621,SCH001|Nov2018,6300
N007,UNSPSC|51201621,SCH001|Dec2018,1400
N008,UNSPSC|51201647,SCH001|Jan2017,3900
N008,UNSPSC|51201647,SCH001|Feb2017,3300
N008,UNSPSC|51201647,SCH001|Mar2017,3900
N008,UNSPSC|51201647,SCH001|Apr2017,5500
N008,UNSPSC|51201647,SCH001|May2017,4100
N008,UNSPSC|51201647,SCH001|Jun2017,2800
N008,UNSPSC|51201647,SCH001|Jul2017,9100
N008,UNSPSC|51201647,SCH001|Aug2017,6100
N008,UNSPSC|51201647,SCH001|Sep2017,8800
N008,UNSPSC|51201647,SCH001|Oct2017,5500
N008,UNSPSC|51201647,SCH001|Nov2017,6900
N008,UNSPSC|51201647,SCH001|Dec2017,5400
N008,UNSPSC|51201647,SCH001|Jan2018,6000
N008,UNSPSC|51201647,SCH001|Feb2018,9400
N008,UNSPSC|51201647,SCH001|Mar2018,9600
N008,UNSPSC|51201647,SCH001|Apr2018,3000
N008,UNSPSC|51201647,SCH001|May2018,7900
N008,UNSPSC|51201647,SCH001|Jun2018,7500
N008,UNSPSC|51201647,SCH001|Jul2018,6100
N008,UNSPSC|51201647,SCH001|Aug2018,5800
N008,UNSPSC|51201647,SCH001|Sep2018,2600
N008,UNSPSC|51201647,SCH001|Oct2018,9400
N008,UNSPSC|51201647,SCH001|Nov2018,5400
N008,UNSPSC|51201647,SCH001|Dec2018,1900
N008,UNSPSC|51201616,SCH001|Jan2017,2600
N008,UNSPSC|51201616,SCH001|Feb2017,3200
N008,UNSPSC|51201616,SCH001|Mar2017,1700
N008,UNSPSC|51201616,SCH001|Apr2017,6600
N008,UNSPSC|51201616,SCH001|May2017,2500
N008,UNSPSC|51201616,SCH001|Jun2017,9000
N008,UNSPSC|51201616,SCH001|Jul2017,4700
N008,UNSPSC|51201616,SCH001|Aug2017,8100
N008,UNSPSC|51201616,SCH001|Sep2017,1600
N008,UNSPSC|51201616,SCH001|Oct2017,9600
N008,UNSPSC|51201616,SCH001|Nov2017,8600
N008,UNSPSC|51201616,SCH001|Dec2017,5600
N008,UNSPSC|51201616,SCH001|Jan2018,9500
N008,UNSPSC|51201616,SCH001|Feb2018,9000
N008,UNSPSC|51201616,SCH001|Mar2018,1800
N008,UNSPSC|51201616,SCH001|Apr2018,1900
N008,UNSPSC|51201616,SCH001|May2018,1500
N008,UNSPSC|51201616,SCH001|Jun2018,3900
N008,UNSPSC|51201616,SCH001|Jul2018,3800
N008,UNSPSC|51201616,SCH001|Aug2018,6900
N008,UNSPSC|51201616,SCH001|Sep2018,8500
N008,UNSPSC|51201616,SCH001|Oct2018,2700
N008,UNSPSC|51201616,SCH001|Nov2018,9000
N008,UNSPSC|51201616,SCH001|Dec2018,9600
N008,UNSPSC|51201634,SCH001|Jan2017,7400
N008,UNSPSC|51201634,SCH001|Feb2017,6500
N008,UNSPSC|51201634,SCH001|Mar2017,8000
N008,UNSPSC|51201634,SCH001|Apr2017,8300
N008,UNSPSC|51201634,SCH001|May2017,4100
N008,UNSPSC|51201634,SCH001|Jun2017,5900
N008,UNSPSC|51201634,SCH001|Jul2017,1600
N008,UNSPSC|51201634,SCH001|Aug2017,2300
N008,UNSPSC|51201634,SCH001|Sep2017,7000
N008,UNSPSC|51201634,SCH001|Oct2017,3000
N008,UNSPSC|51201634,SCH001|Nov2017,1100
N008,UNSPSC|51201634,SCH001|Dec2017,5000
N008,UNSPSC|51201634,SCH001|Jan2018,8300
N008,UNSPSC|51201634,SCH001|Feb2018,4100
N008,UNSPSC|51201634,SCH001|Mar2018,9400
N008,UNSPSC|51201634,SCH001|Apr2018,4000
N008,UNSPSC|51201634,SCH001|May2018,2300
N008,UNSPSC|51201634,SCH001|Jun2018,1000
N008,UNSPSC|51201634,SCH001|Jul2018,8800
N008,UNSPSC|51201634,SCH001|Aug2018,6600
N008,UNSPSC|51201634,SCH001|Sep2018,7100
N008,UNSPSC|51201634,SCH001|Oct2018,9000
N008,UNSPSC|51201634,SCH001|Nov2018,4900
N008,UNSPSC|51201634,SCH001|Dec2018,3600
N008,UNSPSC|51201615,SCH001|Jan2017,4300
N008,UNSPSC|51201615,SCH001|Feb2017,8900
N008,UNSPSC|51201615,SCH001|Mar2017,2900
N008,UNSPSC|51201615,SCH001|Apr2017,9500
N008,UNSPSC|51201615,SCH001|May2017,3300
N008,UNSPSC|51201615,SCH001|Jun2017,4900
N008,UNSPSC|51201615,SCH001|Jul2017,9300
N008,UNSPSC|51201615,SCH001|Aug2017,5000
N008,UNSPSC|51201615,SCH001|Sep2017,9300
N008,UNSPSC|51201615,SCH001|Oct2017,8600
N008,UNSPSC|51201615,SCH001|Nov2017,9500
N008,UNSPSC|51201615,SCH001|Dec2017,6900
N008,UNSPSC|51201615,SCH001|Jan2018,5800
N008,UNSPSC|51201615,SCH001|Feb2018,7800
N008,UNSPSC|51201615,SCH001|Mar2018,2100
N008,UNSPSC|51201615,SCH001|Apr2018,7200
N008,UNSPSC|51201615,SCH001|May2018,9600
N008,UNSPSC|51201615,SCH001|Jun2018,4700
N008,UNSPSC|51201615,SCH001|Jul2018,9900
N008,UNSPSC|51201615,SCH001|Aug2018,8700
N008,UNSPSC|51201615,SCH001|Sep2018,7200
N008,UNSPSC|51201615,SCH001|Oct2018,6400
N008,UNSPSC|51201615,SCH001|Nov2018,2000
N008,UNSPSC|51201615,SCH001|Dec2018,2000
N008,UNSPSC|51201618,SCH001|Jan2017,7100
N008,UNSPSC|51201618,SCH001|Feb2017,1000
N008,UNSPSC|51201618,SCH001|Mar2017,6800
N008,UNSPSC|51201618,SCH001|Apr2017,4500
N008,UNSPSC|51201618,SCH001|May2017,8600
N008,UNSPSC|51201618,SCH001|Jun2017,9600
N008,UNSPSC|51201618,SCH001|Jul2017,8900
N008,UNSPSC|51201618,SCH001|Aug2017,5700
N008,UNSPSC|51201618,SCH001|Sep2017,7200
N008,UNSPSC|51201618,SCH001|Oct2017,5600
N008,UNSPSC|51201618,SCH001|Nov2017,2300
N008,UNSPSC|51201618,SCH001|Dec2017,1100
N008,UNSPSC|51201618,SCH001|Jan2018,6800
N008,UNSPSC|51201618,SCH001|Feb2018,3900
N008,UNSPSC|51201618,SCH001|Mar2018,7500
N008,UNSPSC|51201618,SCH001|Apr2018,4200
N008,UNSPSC|51201618,SCH001|May2018,6800
N008,UNSPSC|51201618,SCH001|Jun2018,8800
N008,UNSPSC|51201618,SCH001|Jul2018,6100
N008,UNSPSC|51201618,SCH001|Aug2018,9400
N008,UNSPSC|51201618,SCH001|Sep2018,9400
N008,UNSPSC|51201618,SCH001|Oct2018,2300
N008,UNSPSC|51201618,SCH001|Nov2018,3900
N008,UNSPSC|51201618,SCH001|Dec2018,5900
N008,UNSPSC|51201609,SCH001|Jan2017,8900
N008,UNSPSC|51201609,SCH001|Feb2017,4000
N008,UNSPSC|51201609,SCH001|Mar2017,6800
N008,UNSPSC|51201609,SCH001|Apr2017,4100
N008,UNSPSC|51201609,SCH001|May2017,9100
N008,UNSPSC|51201609,SCH001|Jun2017,5800
N008,UNSPSC|51201609,SCH001|Jul2017,7000
N008,UNSPSC|51201609,SCH001|Aug2017,1800
N008,UNSPSC|51201609,SCH001|Sep2017,6600
N008,UNSPSC|51201609,SCH001|Oct2017,8400
N008,UNSPSC|51201609,SCH001|Nov2017,9000
N008,UNSPSC|51201609,SCH001|Dec2017,3400
N008,UNSPSC|51201609,SCH001|Jan2018,2200
N008,UNSPSC|51201609,SCH001|Feb2018,2200
N008,UNSPSC|51201609,SCH001|Mar2018,3600
N008,UNSPSC|51201609,SCH001|Apr2018,1800
N008,UNSPSC|51201609,SCH001|May2018,1600
N008,UNSPSC|51201609,SCH001|Jun2018,1000
N008,UNSPSC|51201609,SCH001|Jul2018,4800
N008,UNSPSC|51201609,SCH001|Aug2018,6300
N008,UNSPSC|51201609,SCH001|Sep2018,8600
N008,UNSPSC|51201609,SCH001|Oct2018,3100
N008,UNSPSC|51201609,SCH001|Nov2018,3400
N008,UNSPSC|51201609,SCH001|Dec2018,7100
N008,UNSPSC|51201621,SCH001|Jan2017,2900
N008,UNSPSC|51201621,SCH001|Feb2017,5500
N008,UNSPSC|51201621,SCH001|Mar2017,4700
N008,UNSPSC|51201621,SCH001|Apr2017,9200
N008,UNSPSC|51201621,SCH001|May2017,4800
N008,UNSPSC|51201621,SCH001|Jun2017,4000
N008,UNSPSC|51201621,SCH001|Jul2017,3000
N008,UNSPSC|51201621,SCH001|Aug2017,9200
N008,UNSPSC|51201621,SCH001|Sep2017,9400
N008,UNSPSC|51201621,SCH001|Oct2017,7100
N008,UNSPSC|51201621,SCH001|Nov2017,4300
N008,UNSPSC|51201621,SCH001|Dec2017,7900
N008,UNSPSC|51201621,SCH001|Jan2018,5500
N008,UNSPSC|51201621,SCH001|Feb2018,2600
N008,UNSPSC|51201621,SCH001|Mar2018,1400
N008,UNSPSC|51201621,SCH001|Apr2018,6000
N008,UNSPSC|51201621,SCH001|May2018,8300
N008,UNSPSC|51201621,SCH001|Jun2018,8000
N008,UNSPSC|51201621,SCH001|Jul2018,3900
N008,UNSPSC|51201621,SCH001|Aug2018,7000
N008,UNSPSC|51201621,SCH001|Sep2018,8300
N008,UNSPSC|51201621,SCH001|Oct2018,5000
N008,UNSPSC|51201621,SCH001|Nov2018,1900
N008,UNSPSC|51201621,SCH001|Dec2018,1700
N010,UNSPSC|51201647,SCH001|Jan2017,1500
N010,UNSPSC|51201647,SCH001|Feb2017,4300
N010,UNSPSC|51201647,SCH001|Mar2017,8200
N010,UNSPSC|51201647,SCH001|Apr2017,3600
N010,UNSPSC|51201647,SCH001|May2017,4500
N010,UNSPSC|51201647,SCH001|Jun2017,9000
N010,UNSPSC|51201647,SCH001|Jul2017,8600
N010,UNSPSC|51201647,SCH001|Aug2017,9600
N010,UNSPSC|51201647,SCH001|Sep2017,7100
N010,UNSPSC|51201647,SCH001|Oct2017,4800
N010,UNSPSC|51201647,SCH001|Nov2017,7800
N010,UNSPSC|51201647,SCH001|Dec2017,5100
N010,UNSPSC|51201647,SCH001|Jan2018,4200
N010,UNSPSC|51201647,SCH001|Feb2018,1600
N010,UNSPSC|51201647,SCH001|Mar2018,6500
N010,UNSPSC|51201647,SCH001|Apr2018,8400
N010,UNSPSC|51201647,SCH001|May2018,6100
N010,UNSPSC|51201647,SCH001|Jun2018,4400
N010,UNSPSC|51201647,SCH001|Jul2018,9800
N010,UNSPSC|51201647,SCH001|Aug2018,2700
N010,UNSPSC|51201647,SCH001|Sep2018,2500
N010,UNSPSC|51201647,SCH001|Oct2018,6700
N010,UNSPSC|51201647,SCH001|Nov2018,7100
N010,UNSPSC|51201647,SCH001|Dec2018,3100
N010,UNSPSC|51201616,SCH001|Jan2017,5900
N010,UNSPSC|51201616,SCH001|Feb2017,4400
N010,UNSPSC|51201616,SCH001|Mar2017,5700
N010,UNSPSC|51201616,SCH001|Apr2017,3600
N010,UNSPSC|51201616,SCH001|May2017,1400
N010,UNSPSC|51201616,SCH001|Jun2017,2200
N010,UNSPSC|51201616,SCH001|Jul2017,2400
N010,UNSPSC|51201616,SCH001|Aug2017,8300
N010,UNSPSC|51201616,SCH001|Sep2017,7300
N010,UNSPSC|51201616,SCH001|Oct2017,5900
N010,UNSPSC|51201616,SCH001|Nov2017,1200
N010,UNSPSC|51201616,SCH001|Dec2017,5500
N010,UNSPSC|51201616,SCH001|Jan2018,6800
N010,UNSPSC|51201616,SCH001|Feb2018,7200
N010,UNSPSC|51201616,SCH001|Mar2018,5300
N010,UNSPSC|51201616,SCH001|Apr2018,4200
N010,UNSPSC|51201616,SCH001|May2018,7300
N010,UNSPSC|51201616,SCH001|Jun2018,2200
N010,UNSPSC|51201616,SCH001|Jul2018,4300
N010,UNSPSC|51201616,SCH001|Aug2018,6200
N010,UNSPSC|51201616,SCH001|Sep2018,2900
N010,UNSPSC|51201616,SCH001|Oct2018,9200
N010,UNSPSC|51201616,SCH001|Nov2018,9900
N010,UNSPSC|51201616,SCH001|Dec2018,5600
N010,UNSPSC|51201634,SCH001|Jan2017,8100
N010,UNSPSC|51201634,SCH001|Feb2017,1100
N010,UNSPSC|51201634,SCH001|Mar2017,2800
N010,UNSPSC|51201634,SCH001|Apr2017,2200
N010,UNSPSC|51201634,SCH001|May2017,5500
N010,UNSPSC|51201634,SCH001|Jun2017,3600
N010,UNSPSC|51201634,SCH001|Jul2017,9000
N010,UNSPSC|51201634,SCH001|Aug2017,7700
N010,UNSPSC|51201634,SCH001|Sep2017,8800
N010,UNSPSC|51201634,SCH001|Oct2017,6600
N010,UNSPSC|51201634,SCH001|Nov2017,9400
N010,UNSPSC|51201634,SCH001|Dec2017,6900
N010,UNSPSC|51201634,SCH001|Jan2018,9700
N010,UNSPSC|51201634,SCH001|Feb2018,3700
N010,UNSPSC|51201634,SCH001|Mar2018,1000
N010,UNSPSC|51201634,SCH001|Apr2018,7700
N010,UNSPSC|51201634,SCH001|May2018,9800
N010,UNSPSC|51201634,SCH001|Jun2018,2700
N010,UNSPSC|51201634,SCH001|Jul2018,7100
N010,UNSPSC|51201634,SCH001|Aug2018,5000
N010,UNSPSC|51201634,SCH001|Sep2018,5600
N010,UNSPSC|51201634,SCH001|Oct2018,3600
N010,UNSPSC|51201634,SCH001|Nov2018,9400
N010,UNSPSC|51201634,SCH001|Dec2018,3200
N010,UNSPSC|51201615,SCH001|Jan2017,8600
N010,UNSPSC|51201615,SCH001|Feb2017,9000
N010,UNSPSC|51201615,SCH001|Mar2017,2600
N010,UNSPSC|51201615,SCH001|Apr2017,3200
N010,UNSPSC|51201615,SCH001|May2017,3700
N010,UNSPSC|51201615,SCH001|Jun2017,1500
N010,UNSPSC|51201615,SCH001|Jul2017,4400
N010,UNSPSC|51201615,SCH001|Aug2017,2400
N010,UNSPSC|51201615,SCH001|Sep2017,8600
N010,UNSPSC|51201615,SCH001|Oct2017,7000
N010,UNSPSC|51201615,SCH001|Nov2017,4300
N010,UNSPSC|51201615,SCH001|Dec2017,5100
N010,UNSPSC|51201615,SCH001|Jan2018,8700
N010,UNSPSC|51201615,SCH001|Feb2018,5600
N010,UNSPSC|51201615,SCH001|Mar2018,5500
N010,UNSPSC|51201615,SCH001|Apr2018,3700
N010,UNSPSC|51201615,SCH001|May2018,4300
N010,UNSPSC|51201615,SCH001|Jun2018,5900
N010,UNSPSC|51201615,SCH001|Jul2018,9200
N010,UNSPSC|51201615,SCH001|Aug2018,8900
N010,UNSPSC|51201615,SCH001|Sep2018,5900
N010,UNSPSC|51201615,SCH001|Oct2018,3900
N010,UNSPSC|51201615,SCH001|Nov2018,1800
N010,UNSPSC|51201615,SCH001|Dec2018,9300
N010,UNSPSC|51201618,SCH001|Jan2017,2600
N010,UNSPSC|51201618,SCH001|Feb2017,8000
N010,UNSPSC|51201618,SCH001|Mar2017,3000
N010,UNSPSC|51201618,SCH001|Apr2017,3200
N010,UNSPSC|51201618,SCH001|May2017,8900
N010,UNSPSC|51201618,SCH001|Jun2017,2400
N010,UNSPSC|51201618,SCH001|Jul2017,3000
N010,UNSPSC|51201618,SCH001|Aug2017,7100
N010,UNSPSC|51201618,SCH001|Sep2017,1300
N010,UNSPSC|51201618,SCH001|Oct2017,5400
N010,UNSPSC|51201618,SCH001|Nov2017,3600
N010,UNSPSC|51201618,SCH001|Dec2017,3300
N010,UNSPSC|51201618,SCH001|Jan2018,1300
N010,UNSPSC|51201618,SCH001|Feb2018,7800
N010,UNSPSC|51201618,SCH001|Mar2018,7900
N010,UNSPSC|51201618,SCH001|Apr2018,7900
N010,UNSPSC|51201618,SCH001|May2018,7200
N010,UNSPSC|51201618,SCH001|Jun2018,5300
N010,UNSPSC|51201618,SCH001|Jul2018,2300
N010,UNSPSC|51201618,SCH001|Aug2018,5100
N010,UNSPSC|51201618,SCH001|Sep2018,2600
N010,UNSPSC|51201618,SCH001|Oct2018,3800
N010,UNSPSC|51201618,SCH001|Nov2018,1500
N010,UNSPSC|51201618,SCH001|Dec2018,7900
N010,UNSPSC|51201609,SCH001|Jan2017,6600
N010,UNSPSC|51201609,SCH001|Feb2017,3200
N010,UNSPSC|51201609,SCH001|Mar2017,3800
N010,UNSPSC|51201609,SCH001|Apr2017,1100
N010,UNSPSC|51201609,SCH001|May2017,3300
N010,UNSPSC|51201609,SCH001|Jun2017,1300
N010,UNSPSC|51201609,SCH001|Jul2017,7600
N010,UNSPSC|51201609,SCH001|Aug2017,4400
N010,UNSPSC|51201609,SCH001|Sep2017,6500
N010,UNSPSC|51201609,SCH001|Oct2017,1200
N010,UNSPSC|51201609,SCH001|Nov2017,5600
N010,UNSPSC|51201609,SCH001|Dec2017,5900
N010,UNSPSC|51201609,SCH001|Jan2018,2200
N010,UNSPSC|51201609,SCH001|Feb2018,7000
N010,UNSPSC|51201609,SCH001|Mar2018,2300
N010,UNSPSC|51201609,SCH001|Apr2018,8800
N010,UNSPSC|51201609,SCH001|May2018,8200
N010,UNSPSC|51201609,SCH001|Jun2018,1100
N010,UNSPSC|51201609,SCH001|Jul2018,9100
N010,UNSPSC|51201609,SCH001|Aug2018,9900
N010,UNSPSC|51201609,SCH001|Sep2018,2400
N010,UNSPSC|51201609,SCH001|Oct2018,6200
N010,UNSPSC|51201609,SCH001|Nov2018,9200
N010,UNSPSC|51201609,SCH001|Dec2018,9300
N010,UNSPSC|51201621,SCH001|Jan2017,7500
N010,UNSPSC|51201621,SCH001|Feb2017,4500
N010,UNSPSC|51201621,SCH001|Mar2017,8000
N010,UNSPSC|51201621,SCH001|Apr2017,3400
N010,UNSPSC|51201621,SCH001|May2017,8400
N010,UNSPSC|51201621,SCH001|Jun2017,5000
N010,UNSPSC|51201621,SCH001|Jul2017,9000
N010,UNSPSC|51201621,SCH001|Aug2017,6900
N010,UNSPSC|51201621,SCH001|Sep2017,2200
N010,UNSPSC|51201621,SCH001|Oct2017,1400
N010,UNSPSC|51201621,SCH001|Nov2017,5500
N010,UNSPSC|51201621,SCH001|Dec2017,3200
N010,UNSPSC|51201621,SCH001|Jan2018,1800
N010,UNSPSC|51201621,SCH001|Feb2018,3600
N010,UNSPSC|51201621,SCH001|Mar2018,6800
N010,UNSPSC|51201621,SCH001|Apr2018,8400
N010,UNSPSC|51201621,SCH001|May2018,4800
N010,UNSPSC|51201621,SCH001|Jun2018,5300
N010,UNSPSC|51201621,SCH001|Jul2018,6600
N010,UNSPSC|51201621,SCH001|Aug2018,7500
N010,UNSPSC|51201621,SCH001|Sep2018,8500
N010,UNSPSC|51201621,SCH001|Oct2018,8300
N010,UNSPSC|51201621,SCH001|Nov2018,4700
N010,UNSPSC|51201621,SCH001|Dec2018,1600
N014,UNSPSC|51201647,SCH001|Jan2017,2500
N014,UNSPSC|51201647,SCH001|Feb2017,4000
N014,UNSPSC|51201647,SCH001|Mar2017,4700
N014,UNSPSC|51201647,SCH001|Apr2017,7800
N014,UNSPSC|51201647,SCH001|May2017,9300
N014,UNSPSC|51201647,SCH001|Jun2017,5400
N014,UNSPSC|51201647,SCH001|Jul2017,2000
N014,UNSPSC|51201647,SCH001|Aug2017,1500
N014,UNSPSC|51201647,SCH001|Sep2017,5300
N014,UNSPSC|51201647,SCH001|Oct2017,9900
N014,UNSPSC|51201647,SCH001|Nov2017,9500
N014,UNSPSC|51201647,SCH001|Dec2017,5700
N014,UNSPSC|51201647,SCH001|Jan2018,3700
N014,UNSPSC|51201647,SCH001|Feb2018,3400
N014,UNSPSC|51201647,SCH001|Mar2018,6000
N014,UNSPSC|51201647,SCH001|Apr2018,9200
N014,UNSPSC|51201647,SCH001|May2018,4400
N014,UNSPSC|51201647,SCH001|Jun2018,6000
N014,UNSPSC|51201647,SCH001|Jul2018,6900
N014,UNSPSC|51201647,SCH001|Aug2018,9500
N014,UNSPSC|51201647,SCH001|Sep2018,4800
N014,UNSPSC|51201647,SCH001|Oct2018,6600
N014,UNSPSC|51201647,SCH001|Nov2018,3000
N014,UNSPSC|51201647,SCH001|Dec2018,5200
N014,UNSPSC|51201616,SCH001|Jan2017,2900
N014,UNSPSC|51201616,SCH001|Feb2017,1500
N014,UNSPSC|51201616,SCH001|Mar2017,2500
N014,UNSPSC|51201616,SCH001|Apr2017,6300
N014,UNSPSC|51201616,SCH001|May2017,5200
N014,UNSPSC|51201616,SCH001|Jun2017,8600
N014,UNSPSC|51201616,SCH001|Jul2017,4600
N014,UNSPSC|51201616,SCH001|Aug2017,2000
N014,UNSPSC|51201616,SCH001|Sep2017,6100
N014,UNSPSC|51201616,SCH001|Oct2017,7100
N014,UNSPSC|51201616,SCH001|Nov2017,9400
N014,UNSPSC|51201616,SCH001|Dec2017,5900
N014,UNSPSC|51201616,SCH001|Jan2018,6100
N014,UNSPSC|51201616,SCH001|Feb2018,3100
N014,UNSPSC|51201616,SCH001|Mar2018,6600
N014,UNSPSC|51201616,SCH001|Apr2018,7400
N014,UNSPSC|51201616,SCH001|May2018,4900
N014,UNSPSC|51201616,SCH001|Jun2018,9700
N014,UNSPSC|51201616,SCH001|Jul2018,5100
N014,UNSPSC|51201616,SCH001|Aug2018,2300
N014,UNSPSC|51201616,SCH001|Sep2018,3100
N014,UNSPSC|51201616,SCH001|Oct2018,7000
N014,UNSPSC|51201616,SCH001|Nov2018,8900
N014,UNSPSC|51201616,SCH001|Dec2018,8000
N014,UNSPSC|51201634,SCH001|Jan2017,4600
N014,UNSPSC|51201634,SCH001|Feb2017,6800
N014,UNSPSC|51201634,SCH001|Mar2017,8100
N014,UNSPSC|51201634,SCH001|Apr2017,3600
N014,UNSPSC|51201634,SCH001|May2017,7600
N014,UNSPSC|51201634,SCH001|Jun2017,2600
N014,UNSPSC|51201634,SCH001|Jul2017,6600
N014,UNSPSC|51201634,SCH001|Aug2017,3400
N014,UNSPSC|51201634,SCH001|Sep2017,3400
N014,UNSPSC|51201634,SCH001|Oct2017,6900
N014,UNSPSC|51201634,SCH001|Nov2017,9000
N014,UNSPSC|51201634,SCH001|Dec2017,1600
N014,UNSPSC|51201634,SCH001|Jan2018,2300
N014,UNSPSC|51201634,SCH001|Feb2018,5000
N014,UNSPSC|51201634,SCH001|Mar2018,4700
N014,UNSPSC|51201634,SCH001|Apr2018,2500
N014,UNSPSC|51201634,SCH001|May2018,7500
N014,UNSPSC|51201634,SCH001|Jun2018,6500
N014,UNSPSC|51201634,SCH001|Jul2018,2800
N014,UNSPSC|51201634,SCH001|Aug2018,5600
N014,UNSPSC|51201634,SCH001|Sep2018,1900
N014,UNSPSC|51201634,SCH001|Oct2018,3700
N014,UNSPSC|51201634,SCH001|Nov2018,9300
N014,UNSPSC|51201634,SCH001|Dec2018,1900
N014,UNSPSC|51201615,SCH001|Jan2017,6600
N014,UNSPSC|51201615,SCH001|Feb2017,3100
N014,UNSPSC|51201615,SCH001|Mar2017,8200
N014,UNSPSC|51201615,SCH001|Apr2017,3300
N014,UNSPSC|51201615,SCH001|May2017,9000
N014,UNSPSC|51201615,SCH001|Jun2017,2200
N014,UNSPSC|51201615,SCH001|Jul2017,3700
N014,UNSPSC|51201615,SCH001|Aug2017,1700
N014,UNSPSC|51201615,SCH001|Sep2017,9200
N014,UNSPSC|51201615,SCH001|Oct2017,8200
N014,UNSPSC|51201615,SCH001|Nov2017,9900
N014,UNSPSC|51201615,SCH001|Dec2017,9800
N014,UNSPSC|51201615,SCH001|Jan2018,8700
N014,UNSPSC|51201615,SCH001|Feb2018,2700
N014,UNSPSC|51201615,SCH001|Mar2018,2800
N014,UNSPSC|51201615,SCH001|Apr2018,5300
N014,UNSPSC|51201615,SCH001|May2018,3200
N014,UNSPSC|51201615,SCH001|Jun2018,5500
N014,UNSPSC|51201615,SCH001|Jul2018,2800
N014,UNSPSC|51201615,SCH001|Aug2018,9900
N014,UNSPSC|51201615,SCH001|Sep2018,9900
N014,UNSPSC|51201615,SCH001|Oct2018,9600
N014,UNSPSC|51201615,SCH001|Nov2018,8100
N014,UNSPSC|51201615,SCH001|Dec2018,7600
N014,UNSPSC|51201618,SCH001|Jan2017,2100
N014,UNSPSC|51201618,SCH001|Feb2017,2700
N014,UNSPSC|51201618,SCH001|Mar2017,7500
N014,UNSPSC|51201618,SCH001|Apr2017,5800
N014,UNSPSC|51201618,SCH001|May2017,9900
N014,UNSPSC|51201618,SCH001|Jun2017,1100
N014,UNSPSC|51201618,SCH001|Jul2017,2000
N014,UNSPSC|51201618,SCH001|Aug2017,8000
N014,UNSPSC|51201618,SCH001|Sep2017,5900
N014,UNSPSC|51201618,SCH001|Oct2017,4400
N014,UNSPSC|51201618,SCH001|Nov2017,5200
N014,UNSPSC|51201618,SCH001|Dec2017,8500
N014,UNSPSC|51201618,SCH001|Jan2018,8000
N014,UNSPSC|51201618,SCH001|Feb2018,8700
N014,UNSPSC|51201618,SCH001|Mar2018,6500
N014,UNSPSC|51201618,SCH001|Apr2018,7300
N014,UNSPSC|51201618,SCH001|May2018,1500
N014,UNSPSC|51201618,SCH001|Jun2018,6500
N014,UNSPSC|51201618,SCH001|Jul2018,9700
N014,UNSPSC|51201618,SCH001|Aug2018,6200
N014,UNSPSC|51201618,SCH001|Sep2018,1100
N014,UNSPSC|51201618,SCH001|Oct2018,6500
N014,UNSPSC|51201618,SCH001|Nov2018,2600
N014,UNSPSC|51201618,SCH001|Dec2018,8700
N014,UNSPSC|51201609,SCH001|Jan2017,7800
N014,UNSPSC|51201609,SCH001|Feb2017,1900
N014,UNSPSC|51201609,SCH001|Mar2017,9600
N014,UNSPSC|51201609,SCH001|Apr2017,4200
N014,UNSPSC|51201609,SCH001|May2017,8100
N014,UNSPSC|51201609,SCH001|Jun2017,7900
N014,UNSPSC|51201609,SCH001|Jul2017,6200
N014,UNSPSC|51201609,SCH001|Aug2017,7700
N014,UNSPSC|51201609,SCH001|Sep2017,5000
N014,UNSPSC|51201609,SCH001|Oct2017,9800
N014,UNSPSC|51201609,SCH001|Nov2017,2400
N014,UNSPSC|51201609,SCH001|Dec2017,8700
N014,UNSPSC|51201609,SCH001|Jan2018,4000
N014,UNSPSC|51201609,SCH001|Feb2018,4400
N014,UNSPSC|51201609,SCH001|Mar2018,8300
N014,UNSPSC|51201609,SCH001|Apr2018,9100
N014,UNSPSC|51201609,SCH001|May2018,3400
N014,UNSPSC|51201609,SCH001|Jun2018,4500
N014,UNSPSC|51201609,SCH001|Jul2018,8500
N014,UNSPSC|51201609,SCH001|Aug2018,4800
N014,UNSPSC|51201609,SCH001|Sep2018,9900
N014,UNSPSC|51201609,SCH001|Oct2018,9600
N014,UNSPSC|51201609,SCH001|Nov2018,4000
N014,UNSPSC|51201609,SCH001|Dec2018,1200
N014,UNSPSC|51201621,SCH001|Jan2017,7300
N014,UNSPSC|51201621,SCH001|Feb2017,3700
N014,UNSPSC|51201621,SCH001|Mar2017,9200
N014,UNSPSC|51201621,SCH001|Apr2017,2000
N014,UNSPSC|51201621,SCH001|May2017,7200
N014,UNSPSC|51201621,SCH001|Jun2017,4400
N014,UNSPSC|51201621,SCH001|Jul2017,4300
N014,UNSPSC|51201621,SCH001|Aug2017,5700
N014,UNSPSC|51201621,SCH001|Sep2017,2800
N014,UNSPSC|51201621,SCH001|Oct2017,6300
N014,UNSPSC|51201621,SCH001|Nov2017,9800
N014,UNSPSC|51201621,SCH001|Dec2017,2000
N014,UNSPSC|51201621,SCH001|Jan2018,6400
N014,UNSPSC|51201621,SCH001|Feb2018,5800
N014,UNSPSC|51201621,SCH001|Mar2018,6500
N014,UNSPSC|51201621,SCH001|Apr2018,4500
N014,UNSPSC|51201621,SCH001|May2018,8200
N014,UNSPSC|51201621,SCH001|Jun2018,9200
N014,UNSPSC|51201621,SCH001|Jul2018,5800
N014,UNSPSC|51201621,SCH001|Aug2018,1300
N014,UNSPSC|51201621,SCH001|Sep2018,8100
N014,UNSPSC|51201621,SCH001|Oct2018,6400
N014,UNSPSC|51201621,SCH001|Nov2018,8600
N014,UNSPSC|51201621,SCH001|Dec2018,8300
N016,UNSPSC|51201647,SCH001|Jan2017,8000
N016,UNSPSC|51201647,SCH001|Feb2017,6900
N016,UNSPSC|51201647,SCH001|Mar2017,4100
N016,UNSPSC|51201647,SCH001|Apr2017,9300
N016,UNSPSC|51201647,SCH001|May2017,8500
N016,UNSPSC|51201647,SCH001|Jun2017,5900
N016,UNSPSC|51201647,SCH001|Jul2017,3100
N016,UNSPSC|51201647,SCH001|Aug2017,9600
N016,UNSPSC|51201647,SCH001|Sep2017,9900
N016,UNSPSC|51201647,SCH001|Oct2017,2200
N016,UNSPSC|51201647,SCH001|Nov2017,2600
N016,UNSPSC|51201647,SCH001|Dec2017,6100
N016,UNSPSC|51201647,SCH001|Jan2018,4600
N016,UNSPSC|51201647,SCH001|Feb2018,4200
N016,UNSPSC|51201647,SCH001|Mar2018,5100
N016,UNSPSC|51201647,SCH001|Apr2018,9500
N016,UNSPSC|51201647,SCH001|May2018,7600
N016,UNSPSC|51201647,SCH001|Jun2018,4600
N016,UNSPSC|51201647,SCH001|Jul2018,7800
N016,UNSPSC|51201647,SCH001|Aug2018,3300
N016,UNSPSC|51201647,SCH001|Sep2018,9700
N016,UNSPSC|51201647,SCH001|Oct2018,7000
N016,UNSPSC|51201647,SCH001|Nov2018,5600
N016,UNSPSC|51201647,SCH001|Dec2018,6600
N016,UNSPSC|51201616,SCH001|Jan2017,5700
N016,UNSPSC|51201616,SCH001|Feb2017,1000
N016,UNSPSC|51201616,SCH001|Mar2017,8600
N016,UNSPSC|51201616,SCH001|Apr2017,3200
N016,UNSPSC|51201616,SCH001|May2017,4200
N016,UNSPSC|51201616,SCH001|Jun2017,9900
N016,UNSPSC|51201616,SCH001|Jul2017,9700
N016,UNSPSC|51201616,SCH001|Aug2017,7000
N016,UNSPSC|51201616,SCH001|Sep2017,4300
N016,UNSPSC|51201616,SCH001|Oct2017,2000
N016,UNSPSC|51201616,SCH001|Nov2017,9200
N016,UNSPSC|51201616,SCH001|Dec2017,9200
N016,UNSPSC|51201616,SCH001|Jan2018,9300
N016,UNSPSC|51201616,SCH001|Feb2018,4700
N016,UNSPSC|51201616,SCH001|Mar2018,7500
N016,UNSPSC|51201616,SCH001|Apr2018,9100
N016,UNSPSC|51201616,SCH001|May2018,5500
N016,UNSPSC|51201616,SCH001|Jun2018,7500
N016,UNSPSC|51201616,SCH001|Jul2018,1200
N016,UNSPSC|51201616,SCH001|Aug2018,1900
N016,UNSPSC|51201616,SCH001|Sep2018,7800
N016,UNSPSC|51201616,SCH001|Oct2018,9100
N016,UNSPSC|51201616,SCH001|Nov2018,5900
N016,UNSPSC|51201616,SCH001|Dec2018,8100
N016,UNSPSC|51201634,SCH001|Jan2017,2700
N016,UNSPSC|51201634,SCH001|Feb2017,3800
N016,UNSPSC|51201634,SCH001|Mar2017,3400
N016,UNSPSC|51201634,SCH001|Apr2017,2300
N016,UNSPSC|51201634,SCH001|May2017,5300
N016,UNSPSC|51201634,SCH001|Jun2017,6000
N016,UNSPSC|51201634,SCH001|Jul2017,8200
N016,UNSPSC|51201634,SCH001|Aug2017,1600
N016,UNSPSC|51201634,SCH001|Sep2017,9600
N016,UNSPSC|51201634,SCH001|Oct2017,7900
N016,UNSPSC|51201634,SCH001|Nov2017,7900
N016,UNSPSC|51201634,SCH001|Dec2017,4600
N016,UNSPSC|51201634,SCH001|Jan2018,6800
N016,UNSPSC|51201634,SCH001|Feb2018,2800
N016,UNSPSC|51201634,SCH001|Mar2018,5600
N016,UNSPSC|51201634,SCH001|Apr2018,4400
N016,UNSPSC|51201634,SCH001|May2018,3000
N016,UNSPSC|51201634,SCH001|Jun2018,3300
N016,UNSPSC|51201634,SCH001|Jul2018,2600
N016,UNSPSC|51201634,SCH001|Aug2018,5900
N016,UNSPSC|51201634,SCH001|Sep2018,6600
N016,UNSPSC|51201634,SCH001|Oct2018,5800
N016,UNSPSC|51201634,SCH001|Nov2018,9100
N016,UNSPSC|51201634,SCH001|Dec2018,7800
N016,UNSPSC|51201615,SCH001|Jan2017,7700
N016,UNSPSC|51201615,SCH001|Feb2017,6100
N016,UNSPSC|51201615,SCH001|Mar2017,9400
N016,UNSPSC|51201615,SCH001|Apr2017,8100
N016,UNSPSC|51201615,SCH001|May2017,2500
N016,UNSPSC|51201615,SCH001|Jun2017,7300
N016,UNSPSC|51201615,SCH001|Jul2017,5800
N016,UNSPSC|51201615,SCH001|Aug2017,9600
N016,UNSPSC|51201615,SCH001|Sep2017,1700
N016,UNSPSC|51201615,SCH001|Oct2017,5600
N016,UNSPSC|51201615,SCH001|Nov2017,6900
N016,UNSPSC|51201615,SCH001|Dec2017,7200
N016,UNSPSC|51201615,SCH001|Jan2018,1900
N016,UNSPSC|51201615,SCH001|Feb2018,2500
N016,UNSPSC|51201615,SCH001|Mar2018,4100
N016,UNSPSC|51201615,SCH001|Apr2018,4700
N016,UNSPSC|51201615,SCH001|May2018,3700
N016,UNSPSC|51201615,SCH001|Jun2018,1700
N016,UNSPSC|51201615,SCH001|Jul2018,6000
N016,UNSPSC|51201615,SCH001|Aug2018,8300
N016,UNSPSC|51201615,SCH001|Sep2018,2200
N016,UNSPSC|51201615,SCH001|Oct2018,4700
N016,UNSPSC|51201615,SCH001|Nov2018,4300
N016,UNSPSC|51201615,SCH001|Dec2018,1700
N016,UNSPSC|51201618,SCH001|Jan2017,6800
N016,UNSPSC|51201618,SCH001|Feb2017,8300
N016,UNSPSC|51201618,SCH001|Mar2017,4100
N016,UNSPSC|51201618,SCH001|Apr2017,6300
N016,UNSPSC|51201618,SCH001|May2017,6900
N016,UNSPSC|51201618,SCH001|Jun2017,7300
N016,UNSPSC|51201618,SCH001|Jul2017,6700
N016,UNSPSC|51201618,SCH001|Aug2017,5800
N016,UNSPSC|51201618,SCH001|Sep2017,4700
N016,UNSPSC|51201618,SCH001|Oct2017,9700
N016,UNSPSC|51201618,SCH001|Nov2017,9900
N016,UNSPSC|51201618,SCH001|Dec2017,1300
N016,UNSPSC|51201618,SCH001|Jan2018,4300
N016,UNSPSC|51201618,SCH001|Feb2018,4400
N016,UNSPSC|51201618,SCH001|Mar2018,6800
N016,UNSPSC|51201618,SCH001|Apr2018,4900
N016,UNSPSC|51201618,SCH001|May2018,3000
N016,UNSPSC|51201618,SCH001|Jun2018,4700
N016,UNSPSC|51201618,SCH001|Jul2018,3100
N016,UNSPSC|51201618,SCH001|Aug2018,8600
N016,UNSPSC|51201618,SCH001|Sep2018,9600
N016,UNSPSC|51201618,SCH001|Oct2018,7900
N016,UNSPSC|51201618,SCH001|Nov2018,9400
N016,UNSPSC|51201618,SCH001|Dec2018,7700
N016,UNSPSC|51201609,SCH001|Jan2017,7900
N016,UNSPSC|51201609,SCH001|Feb2017,7000
N016,UNSPSC|51201609,SCH001|Mar2017,4100
N016,UNSPSC|51201609,SCH001|Apr2017,3700
N016,UNSPSC|51201609,SCH001|May2017,8700
N016,UNSPSC|51201609,SCH001|Jun2017,5100
N016,UNSPSC|51201609,SCH001|Jul2017,6600
N016,UNSPSC|51201609,SCH001|Aug2017,7800
N016,UNSPSC|51201609,SCH001|Sep2017,9400
N016,UNSPSC|51201609,SCH001|Oct2017,4600
N016,UNSPSC|51201609,SCH001|Nov2017,7400
N016,UNSPSC|51201609,SCH001|Dec2017,3200
N016,UNSPSC|51201609,SCH001|Jan2018,2400
N016,UNSPSC|51201609,SCH001|Feb2018,9400
N016,UNSPSC|51201609,SCH001|Mar2018,2100
N016,UNSPSC|51201609,SCH001|Apr2018,2800
N016,UNSPSC|51201609,SCH001|May2018,8500
N016,UNSPSC|51201609,SCH001|Jun2018,6400
N016,UNSPSC|51201609,SCH001|Jul2018,4800
N016,UNSPSC|51201609,SCH001|Aug2018,3700
N016,UNSPSC|51201609,SCH001|Sep2018,2700
N016,UNSPSC|51201609,SCH001|Oct2018,4500
N016,UNSPSC|51201609,SCH001|Nov2018,3200
N016,UNSPSC|51201609,SCH001|Dec2018,2600
N016,UNSPSC|51201621,SCH001|Jan2017,5900
N016,UNSPSC|51201621,SCH001|Feb2017,6900
N016,UNSPSC|51201621,SCH001|Mar2017,7000
N016,UNSPSC|51201621,SCH001|Apr2017,5900
N016,UNSPSC|51201621,SCH001|May2017,6300
N016,UNSPSC|51201621,SCH001|Jun2017,6400
N016,UNSPSC|51201621,SCH001|Jul2017,5700
N016,UNSPSC|51201621,SCH001|Aug2017,8800
N016,UNSPSC|51201621,SCH001|Sep2017,4800
N016,UNSPSC|51201621,SCH001|Oct2017,6900
N016,UNSPSC|51201621,SCH001|Nov2017,4300
N016,UNSPSC|51201621,SCH001|Dec2017,1500
N016,UNSPSC|51201621,SCH001|Jan2018,3700
N016,UNSPSC|51201621,SCH001|Feb2018,5800
N016,UNSPSC|51201621,SCH001|Mar2018,6400
N016,UNSPSC|51201621,SCH001|Apr2018,5200
