id,programid,processingscheduleid,directdelivery,requisitiongroupid
e7aab4ca-4586-4ef2-8923-dc3940bb3104,dce17f2e-af3e-40ad-8e00-3496adef44c3,9c15bd6e-3f6b-4b91-b53a-36c199d35eac,true,1642bfd8-94e1-4fcf-80e7-254b29ca8e05
1ad386bb-e4b0-463b-b660-3f6973f14305,418bdc1d-c303-4bd0-b2d3-d8901150a983,057921bd-1841-4748-8523-dbe5ebb58368,true,748f2602-9ffa-4ddc-9647-8bfde04f13c1
56b50f88-13e2-4dd1-8210-fead7025b106,10845cb9-d365-4aaa-badd-b4fa39c6a26a,057921bd-1841-4748-8523-dbe5ebb58368,true,84b33e28-f537-4a76-8895-9d4d564a623a
9204494e-22e8-4f1c-8517-9d90ad3d06d4,418bdc1d-c303-4bd0-b2d3-d8901150a983,9c15bd6e-3f6b-4b91-b53a-36c199d35eac,true,f3ff98db-6254-4d3e-a501-01874ed4d184
298da8ae-bff9-4f1c-99f5-49e02b2b3b91,dce17f2e-af3e-40ad-8e00-3496adef44c3,057921bd-1841-4748-8523-dbe5ebb58368,true,e90da490-a371-4c2f-83c3-7c1dc9748d48
60f72164-92f7-4cab-a6f0-49cc802a8eeb,418bdc1d-c303-4bd0-b2d3-d8901150a983,9c15bd6e-3f6b-4b91-b53a-36c199d35eac,true,8c3cc51e-9471-4d05-857f-67958f5cd171
abb5a392-7841-48db-b94b-396ef12ab37a,dce17f2e-af3e-40ad-8e00-3496adef44c3,d036a3bc-865a-402b-972e-96e0695bf8ce,true,9046380c-45f4-4256-a31f-d15e53c3b7e6
01a5a3f8-b4ee-41ae-b4ae-ca6b8394a60f,ef9a2b39-e7ce-4ebe-930c-f5c6d15b578a,9c15bd6e-3f6b-4b91-b53a-36c199d35eac,true,cf1bd029-4360-4a68-a696-99d816a86b58
38b13bcd-69d5-4b4c-a52e-81ea75602f9d,ef9a2b39-e7ce-4ebe-930c-f5c6d15b578a,9c15bd6e-3f6b-4b91-b53a-36c199d35eac,true,9557dce9-891f-43fb-acde-9317fdcebddc
6743615d-9e3a-46ad-90ce-c5230654e978,ef9a2b39-e7ce-4ebe-930c-f5c6d15b578a,9c15bd6e-3f6b-4b91-b53a-36c199d35eac,true,a491adb0-5bd8-4a0e-8f44-41dce1efcd36
