id,code,name,facilityid,parentid,partnerid,extradata
fb38bd1c-beeb-4527-8345-900900329c10,SN1,FP approval point,e6799d64-d10d-4011-b8c2-0e4d4a3f65ce,,,
9f470265-0770-4dd1-bd5a-cf8fe3734d79,SN1.1,FP approval sub point,13037147-1769-4735-90a7-b9b310d128b8,fb38bd1c-beeb-4527-8345-900900329c10,,
05b8e2b8-2f8f-4585-99da-0e41fcc4da69,SN11.2,FP approval sub point 2,13037147-1769-4735-90a7-b9b310d128b8,fb38bd1c-beeb-4527-8345-900900329c10,,
6d5831e7-c336-4129-bd10-0149910a72aa,SN2,EM approval point,13037147-1769-4735-90a7-b9b310d128b8,,,
219cf7dd-b60a-4c25-ae4e-bf035f357bb4,SN-NIASSA-PROV,Niassa province approval point (EPI),0898dcd6-53f2-41b6-ba7d-b2f5122ffb44,,,
6f5eae49-bc62-4664-a679-1ef0bfd5b21d,SN-CUAMBA-DIST,Cuamba district approval point (EPI),,219cf7dd-b60a-4c25-ae4e-bf035f357bb4,,
dcd5566a-4400-4190-9459-602bf6d5f6f2,SN-LICHINGA-DIST,Lichinga district approval point (EPI),2b6a845a-1bc0-4208-a1a5-c2a09171d707,219cf7dd-b60a-4c25-ae4e-bf035f357bb4,,
bc5e972d-73e9-41c9-9c49-aa260e34a911,SN-LILONGWE-DIST-ARV-1,Lilongwe district approval point (ARV),752a6979-cb5f-416b-b73b-527e2b6569c4,,,
cf9deeee-467d-4477-958a-02e6aee1a9b5,SN-LILONGWE-DIST-ARV-1.1,Lilongwe district approval sub point (ARV),,bc5e972d-73e9-41c9-9c49-aa260e34a911,,
b3606140-be7b-461a-88e7-06aa370a1510,SN-CHAZ-LILONGWE-DIST-1,CHAZ Lilongwe,e3f3a63f-823f-42e3-a55c-27406c842ec1,,,
3dcad931-753f-4674-9f53-f79004dd31c4,SN-CHAZ-LILONGWE-DIST-1.1,CHAZ Lilongwe sub point,,b3606140-be7b-461a-88e7-06aa370a1510,bc5e972d-73e9-41c9-9c49-aa260e34a911,
75f7510e-4301-46e9-a730-df20b495e523,1,Prodder1,0898dcd6-53f2-41b6-ba7d-b2f5122ffb44,b3606140-be7b-461a-88e7-06aa370a1510,,
38977d04-5829-4cdb-be4e-fe914ba38be4,2,Bitchip1,a205764b-3998-4c89-afac-2bc9d737c8d3,,,
5f7fb332-7335-46a4-beed-395b59b5f074,3,Rank1,0898dcd6-53f2-41b6-ba7d-b2f5122ffb44,b3606140-be7b-461a-88e7-06aa370a1510,,
39fed9de-00b9-4fe4-815d-606d62e12dae,4,Duobam1,b49d774b-96c0-46c9-a77a-92b463c85398,,,
38d38078-dbdb-4882-8c2e-e72840d92b9c,5,Opela1,58d9a145-218a-43bb-b669-bf29589c2512,,,
b71ee894-3336-472b-b85d-73e6423be8b4,6,Sub-Ex1,20bbffa6-9556-4118-af24-4f9cf1f14778,,,
36ce6ffb-46de-44b8-9add-3208be5cf70a,7,Asoka1,45870b0b-b77e-446b-beb8-a5061145444a,,,
01b06099-f1d6-4628-b353-fdc3b616070a,8,Fixflex1,0509f332-a77e-4bfc-921b-11c46a6bbfd2,b3606140-be7b-461a-88e7-06aa370a1510,,
c5936ec3-800e-4cfb-afa7-97a35f42cc06,9,Biodex1,58d9a145-218a-43bb-b669-bf29589c2512,,,
5b31118e-a335-4a2f-8211-8a45a46f9cc1,10,Sub-Ex2,2937f02b-757e-4abf-a640-60e16e0bac19,,,
4e206945-23de-4e93-b661-08aee7c6ac5c,11,Domainer2,5146de1c-f089-43ff-8016-3c9e8f36e014,,,
0b56da3b-3611-40f3-a4d5-cddb9606620c,12,Stronghold2,0898dcd6-53f2-41b6-ba7d-b2f5122ffb44,,,
33deb664-8267-4291-9190-0d38fd48f564,13,Wrapsafe2,58d9a145-218a-43bb-b669-bf29589c2512,b3606140-be7b-461a-88e7-06aa370a1510,,
c5920076-4d85-4db3-a2d9-efa051211a65,14,Fintone1,c62dea9b-6974-4101-ba39-b09914165967,,,
5345f397-86d2-43db-9206-076efaf7610f,15,Sub-Ex3,e6673cec-c79c-4111-b67c-9b31a1735e27,bc5e972d-73e9-41c9-9c49-aa260e34a911,,
5a882e1a-748c-44a8-9372-cea6ad061463,16,Asoka ,249fbafc-e934-4068-8452-d92381299c40,b3606140-be7b-461a-88e7-06aa370a1510,,
fa4139f8-4d7f-4b0c-98b7-baccd2ac9827,17,Andalax1,6c0de27e-2705-4183-96fc-0905caa34dc2,,,
0a228894-3372-4810-8fbe-53a9b4918538,18,Vagram1,249fbafc-e934-4068-8452-d92381299c40,,,
ecabe550-0e5b-4468-a512-8566bc1c67fd,19,Sonsing2,97f7c9fb-4d2f-4501-a4bf-f9c365815c20,,,
67c5265a-7e74-44eb-8e85-b8aa548dcfc3,20,Namfix2,701ee94a-083e-46bb-83b7-d95c3a4c9884,fb38bd1c-beeb-4527-8345-900900329c10,,
60795ac4-62c7-4eab-b6bf-b2b42943a0de,21,Bigtax2,c62dea9b-6974-4101-ba39-b09914165967,fb38bd1c-beeb-4527-8345-900900329c10,,
0ebff3ac-1380-40e4-8946-cb3641a0fd27,22,Job1,67c8915e-ebbb-412c-b82f-62cf8f72b50f,b3606140-be7b-461a-88e7-06aa370a1510,,
006c3589-37d2-474d-84a0-6f132ce84f4b,23,Hatity1,b49d774b-96c0-46c9-a77a-92b463c85398,,,
bcff200e-d6e2-4b8c-94ba-c156957d0b9d,24,Job2,6c0de27e-2705-4183-96fc-0905caa34dc2,fb38bd1c-beeb-4527-8345-900900329c10,,
4949c174-b298-486c-9ace-dba843c64346,25,Zaam-Dox3,0898dcd6-53f2-41b6-ba7d-b2f5122ffb44,,,
9826de05-41f2-4a88-bdce-d0e39c006d64,26,Cardify1,c62dea9b-6974-4101-ba39-b09914165967,,,
013eaf2e-f3e4-4770-a84d-a4b36b3c4465,27,Voyatouch3,701ee94a-083e-46bb-83b7-d95c3a4c9884,b3606140-be7b-461a-88e7-06aa370a1510,,
34e645a7-e8ff-4c22-9f28-997b6ad5abcf,28,Stim1,0fcab1ac-1ddb-408a-8413-feb5ecfc5dc0,bc5e972d-73e9-41c9-9c49-aa260e34a911,,
72aa8502-8b42-4eb3-8434-eb353a68dc8c,29,Konklux2,249fbafc-e934-4068-8452-d92381299c40,,,
1e60c082-52b2-45c3-a7d9-ccb2347c2e96,30,Ventosanzap1,e21e24ea-2d60-4468-b410-133c51485402,,,
faf65bb7-a198-44fb-84e1-fa94df98ed4f,31,Latlux1,2937f02b-757e-4abf-a640-60e16e0bac19,b3606140-be7b-461a-88e7-06aa370a1510,,
dd200891-124a-4529-ae1d-a294a1888810,32,Zaam-Dox4,20bbffa6-9556-4118-af24-4f9cf1f14778,,,
a476e5a7-90e1-40f7-ba99-c9a73eb486e6,33,Biodex2,e6673cec-c79c-4111-b67c-9b31a1735e27,fb38bd1c-beeb-4527-8345-900900329c10,,
8be2002f-7579-4247-ba44-784c7c206ebb,34,Lotstring2,a205764b-3998-4c89-afac-2bc9d737c8d3,bc5e972d-73e9-41c9-9c49-aa260e34a911,,
fbd55241-8f0f-445a-9688-531e1667be7b,35,Pannier2,e6673cec-c79c-4111-b67c-9b31a1735e27,,,
15588a90-68df-461c-bbe6-35cc3b9b0ed5,36,Regrant3,0898dcd6-53f2-41b6-ba7d-b2f5122ffb44,bc5e972d-73e9-41c9-9c49-aa260e34a911,,
cf5695e7-9ba0-41b9-9441-e790cde04d60,37,Bamity2,482591f1-33c8-4004-bc24-29931fc0c630,b3606140-be7b-461a-88e7-06aa370a1510,,
d5dcffc9-7f20-4394-81aa-a21902f7a7e0,38,Zoolab1,701ee94a-083e-46bb-83b7-d95c3a4c9884,,,
3c5be0e6-b1a5-40d3-afd1-ae0bfbb3c4db,39,Bamity3,6c0de27e-2705-4183-96fc-0905caa34dc2,,,
f4d9cb9c-54d8-44f9-af91-c766affc9d87,40,Voyatouch4,a205764b-3998-4c89-afac-2bc9d737c8d3,,,
6278a364-878f-495e-ba99-9b6b4d8eca2b,41,Tampflex2,701ee94a-083e-46bb-83b7-d95c3a4c9884,,,
6fd25c1d-8ca9-4801-8ef5-6259ddf22690,42,Tempsoft3,6115591d-6e74-4b7f-9f80-f19e42494c99,fb38bd1c-beeb-4527-8345-900900329c10,,
6e7aab2c-8867-4409-848f-0862b981768c,43,Bamity4,701ee94a-083e-46bb-83b7-d95c3a4c9884,,,
ec73bfd7-2a10-4841-8499-517a79eac447,44,It1,482591f1-33c8-4004-bc24-29931fc0c630,,,
51fce337-231f-4a14-921e-51ba6fd05224,45,Transcof2,45870b0b-b77e-446b-beb8-a5061145444a,b3606140-be7b-461a-88e7-06aa370a1510,,
8bc12de5-838c-48f6-a9c3-656c6c55cdcd,46,Tres-Zap1,58d9a145-218a-43bb-b669-bf29589c2512,,,
419aa9f1-e940-47cf-ac0c-a1ed8a68327d,47,Prodder3,701ee94a-083e-46bb-83b7-d95c3a4c9884,,,
80980ee8-ce29-4ba8-8689-f6997f3e66ac,48,Flexidy1,19a94b68-e613-4996-9bea-94313e9fa34d,fb38bd1c-beeb-4527-8345-900900329c10,,
acf72c8e-3c0d-43c3-a134-affc99e03c73,49,Daltfresh3,2937f02b-757e-4abf-a640-60e16e0bac19,,,
626d242e-2891-4526-95c4-5e74b3fcd7aa,50,Job3,c62dea9b-6974-4101-ba39-b09914165967,,,
fd640edf-3601-4bcf-b20c-0ca14ef23945,51,Voltsillam1,7fc9bda8-ad8a-468d-8244-38e1918527d5,,,
6b8e2682-ae84-4538-bf29-3bdeb283b5b0,52,Voltsillam2,6115591d-6e74-4b7f-9f80-f19e42494c99,b3606140-be7b-461a-88e7-06aa370a1510,,
b4bb2a4b-83eb-448d-b39b-8deb81291780,53,Voltsillam3,701ee94a-083e-46bb-83b7-d95c3a4c9884,bc5e972d-73e9-41c9-9c49-aa260e34a911,,
b3218d4b-ac63-44c3-8252-b10df2c2bf84,54,Voltsillam4,0509f332-a77e-4bfc-921b-11c46a6bbfd2,b3606140-be7b-461a-88e7-06aa370a1510,,
e6da754e-117e-47c9-94b3-061051969d12,55,Voltsillam5,482591f1-33c8-4004-bc24-29931fc0c630,fb38bd1c-beeb-4527-8345-900900329c10,,
431a6380-9ae3-403e-9d55-f0f4d9b8c4dd,56,Voltsillam6,0898dcd6-53f2-41b6-ba7d-b2f5122ffb44,,,
24796a8e-77d0-416a-836f-e13c731d2f52,57,Voltsillam7,c62dea9b-6974-4101-ba39-b09914165967,b3606140-be7b-461a-88e7-06aa370a1510,,
e50c908d-cc4c-4bd0-8b9e-72e360bb87bc,58,Voltsillam8,b25bf57d-43ae-41be-8fa9-6335c6fbe161,b3606140-be7b-461a-88e7-06aa370a1510,,
ff48b2ed-d5bb-4b66-9b81-a5a4c1cec99e,59,Voltsillam9,249fbafc-e934-4068-8452-d92381299c40,,,
0a763b8f-e3d6-4899-b55e-b58e4ab2d1e4,60,Voltsillam10,7fc9bda8-ad8a-468d-8244-38e1918527d5,,,
91965c19-055a-4f48-82ab-8a695dd04a4e,61,Voltsillam11,249fbafc-e934-4068-8452-d92381299c40,,,
5f9d7859-b016-492a-9d23-3a4d08bd0382,62,Voltsillam12,249fbafc-e934-4068-8452-d92381299c40,bc5e972d-73e9-41c9-9c49-aa260e34a911,,
16c42805-788e-4a35-bb39-6dc064704d96,63,Voltsillam13,b49d774b-96c0-46c9-a77a-92b463c85398,,,
f897a563-e22f-456b-9501-2547fd9c3873,64,Voltsillam14,e21e24ea-2d60-4468-b410-133c51485402,b3606140-be7b-461a-88e7-06aa370a1510,,
3e390e5f-d5f4-4e29-b2f1-4e8f7fcdec55,65,Voltsillam15,0509f332-a77e-4bfc-921b-11c46a6bbfd2,,,
3b889162-9763-4b21-b6fe-9463d1b39bf3,66,Voltsillam16,e21e24ea-2d60-4468-b410-133c51485402,,,
02944954-d04b-43aa-b912-ae3211c66f45,67,Voltsillam17,2937f02b-757e-4abf-a640-60e16e0bac19,bc5e972d-73e9-41c9-9c49-aa260e34a911,,
ddb2789d-ed89-4ca6-8903-774a279338ba,68,Voltsillam18,b25bf57d-43ae-41be-8fa9-6335c6fbe161,,,
98bcc1ae-756b-406d-ac1d-1ad2b8fce8f6,69,Voltsillam19,b49d774b-96c0-46c9-a77a-92b463c85398,,,
1b8fecc4-1e22-4ba5-b134-839962c6961a,70,Voltsillam20,6c0de27e-2705-4183-96fc-0905caa34dc2,b3606140-be7b-461a-88e7-06aa370a1510,,
035ff6ea-7fa3-4939-8d5a-6da350500c4b,71,Voltsillam21,e21e24ea-2d60-4468-b410-133c51485402,b3606140-be7b-461a-88e7-06aa370a1510,,
a065980f-0347-4124-83b5-be0c28e48646,72,Voltsillam22,0509f332-a77e-4bfc-921b-11c46a6bbfd2,b3606140-be7b-461a-88e7-06aa370a1510,,
32cb65cf-58c2-488d-bc0e-5b6285a269ad,73,Voltsillam23,701ee94a-083e-46bb-83b7-d95c3a4c9884,,,
91d9c980-a8aa-452f-bbe1-31fdb2cc3f4d,74,Voltsillam24,e21e24ea-2d60-4468-b410-133c51485402,,,
920505c9-8d77-4c59-a511-0e6f4b63aebc,75,Voltsillam25,2937f02b-757e-4abf-a640-60e16e0bac19,b3606140-be7b-461a-88e7-06aa370a1510,,
d29a55dd-8d73-4d3f-97cd-0be60c93c2e7,76,Voltsillam26,249fbafc-e934-4068-8452-d92381299c40,fb38bd1c-beeb-4527-8345-900900329c10,,
1ae69c72-ef93-49e6-af43-4cc14007d7ce,77,Voltsillam27,5146de1c-f089-43ff-8016-3c9e8f36e014,b3606140-be7b-461a-88e7-06aa370a1510,,
1ffead54-520c-4e52-9f3a-7f0ab4cfc034,78,Voltsillam28,b49d774b-96c0-46c9-a77a-92b463c85398,,,
2e39909e-3bbb-4e1f-9f8b-d4c28448e827,79,Voltsillam29,0fcab1ac-1ddb-408a-8413-feb5ecfc5dc0,,,
effe7acb-0b5b-47b3-845b-6339c2afed8f,80,Voltsillam30,58d9a145-218a-43bb-b669-bf29589c2512,,,
eb206f5d-871d-4885-a846-c1823bf44e1a,81,Voltsillam31,b49d774b-96c0-46c9-a77a-92b463c85398,bc5e972d-73e9-41c9-9c49-aa260e34a911,,
389e697e-9413-4971-9afb-247ee478bbf7,82,Voltsillam32,b49d774b-96c0-46c9-a77a-92b463c85398,,,
225704d7-6d48-4c59-92b6-9356cb12a8de,83,Voltsillam33,97f7c9fb-4d2f-4501-a4bf-f9c365815c20,,,
73f121fd-93fb-4874-b035-cea9b2348cc3,84,Voltsillam34,249fbafc-e934-4068-8452-d92381299c40,b3606140-be7b-461a-88e7-06aa370a1510,,
b7432147-171f-4110-9c42-89db31805f70,85,Voltsillam35,b49d774b-96c0-46c9-a77a-92b463c85398,b3606140-be7b-461a-88e7-06aa370a1510,,
c0945b5e-940b-42a9-a8e1-1d669d894261,86,Voltsillam36,97f7c9fb-4d2f-4501-a4bf-f9c365815c20,fb38bd1c-beeb-4527-8345-900900329c10,,
c7feef8d-1caa-4259-b4ec-8916d7a98afd,87,Voltsillam37,4774fc63-a0c8-4a29-a01d-5b6b48632175,b3606140-be7b-461a-88e7-06aa370a1510,,
a77da2c3-42e0-44da-af13-7b32b69f9e9d,88,Voltsillam38,2937f02b-757e-4abf-a640-60e16e0bac19,,,
1b7c52fa-5606-43a1-83da-d682dfd356ce,89,Voltsillam39,b49d774b-96c0-46c9-a77a-92b463c85398,b3606140-be7b-461a-88e7-06aa370a1510,,
6e16a49c-4bab-4c06-a316-e58e167e228d,90,Voltsillam40,0fcab1ac-1ddb-408a-8413-feb5ecfc5dc0,b3606140-be7b-461a-88e7-06aa370a1510,,
341adc22-b044-40fd-8ab9-96a6c97d7657,91,Voltsillam41,20bbffa6-9556-4118-af24-4f9cf1f14778,b3606140-be7b-461a-88e7-06aa370a1510,,
7b138178-754b-433f-a777-ceadadd3277f,92,Voltsillam42,f676c99b-efe9-41c4-b047-1e004e867e66,b3606140-be7b-461a-88e7-06aa370a1510,,
dceea787-fde6-4768-ab05-3cd5f766af51,93,Voltsillam43,0fcab1ac-1ddb-408a-8413-feb5ecfc5dc0,bc5e972d-73e9-41c9-9c49-aa260e34a911,,
6c55b639-8e0c-487f-b389-53c2d5aff5ab,94,Voltsillam44,4774fc63-a0c8-4a29-a01d-5b6b48632175,,,
d4c0bb08-e949-4377-bd23-c1e5123c5289,95,Voltsillam45,0509f332-a77e-4bfc-921b-11c46a6bbfd2,b3606140-be7b-461a-88e7-06aa370a1510,,
e8014ad0-ed16-4f8a-80da-89d0742773c4,96,Voltsillam46,67c8915e-ebbb-412c-b82f-62cf8f72b50f,b3606140-be7b-461a-88e7-06aa370a1510,,
3d1916c4-653e-41c2-8c2f-e2706fdd4904,97,Voltsillam47,0fcab1ac-1ddb-408a-8413-feb5ecfc5dc0,,,
179df5ab-8494-4eff-85a4-cd0e6d982b70,98,Voltsillam48,249fbafc-e934-4068-8452-d92381299c40,fb38bd1c-beeb-4527-8345-900900329c10,,
bb0202da-f196-4038-9b87-d0fc5794d15f,99,Voltsillam49,249fbafc-e934-4068-8452-d92381299c40,,,
24d330e8-9333-4cb1-8f50-ebbe04070fb5,100,Voltsillam50,0509f332-a77e-4bfc-921b-11c46a6bbfd2,bc5e972d-73e9-41c9-9c49-aa260e34a911,,
5a3e82e3-df42-4626-a739-19cbd1b2411d,101,Voltsillam51,e6673cec-c79c-4111-b67c-9b31a1735e27,b3606140-be7b-461a-88e7-06aa370a1510,,
13d68617-6e46-4965-8965-9645399a8325,102,Voltsillam52,7fc9bda8-ad8a-468d-8244-38e1918527d5,,,
c5ef9d04-d95e-40a9-a19d-99fe20bfc634,103,Voltsillam53,0509f332-a77e-4bfc-921b-11c46a6bbfd2,,,
533f76c5-c38c-46c9-9624-d8082d097657,104,Voltsillam54,97f7c9fb-4d2f-4501-a4bf-f9c365815c20,,,
901085b9-04d6-49d8-80de-df1c7a7a59ac,105,Voltsillam55,45870b0b-b77e-446b-beb8-a5061145444a,bc5e972d-73e9-41c9-9c49-aa260e34a911,,
218b07b7-3354-436f-a432-5e6269ff0978,106,Voltsillam56,249fbafc-e934-4068-8452-d92381299c40,,,
d9108c10-1f69-43bc-a4ae-aa8f73571914,107,Voltsillam57,58d9a145-218a-43bb-b669-bf29589c2512,,,
d3a5b11a-46e0-4c37-b1d9-471554262ebf,108,Voltsillam58,58d9a145-218a-43bb-b669-bf29589c2512,,,
c0311e2b-b35a-4e4d-bbef-1912aec9befc,109,Voltsillam59,c62dea9b-6974-4101-ba39-b09914165967,bc5e972d-73e9-41c9-9c49-aa260e34a911,,
d1ee6bb3-bc1a-4fb3-8e84-9f40f16454dc,110,Voltsillam60,0898dcd6-53f2-41b6-ba7d-b2f5122ffb44,,,
f414484a-de8f-465c-b925-d840fa9dc022,111,Voltsillam61,e6673cec-c79c-4111-b67c-9b31a1735e27,,,
861f6141-03a8-4665-84dc-1d51420d7e2c,112,Voltsillam62,b49d774b-96c0-46c9-a77a-92b463c85398,,,
ee6e7cae-df56-40ed-8dbf-92d82f152d7b,113,Voltsillam63,482591f1-33c8-4004-bc24-29931fc0c630,,,
427de762-cbb2-4739-b9b5-ddb9747c7bff,114,Voltsillam64,58d9a145-218a-43bb-b669-bf29589c2512,fb38bd1c-beeb-4527-8345-900900329c10,,
04c7c661-6217-4fd3-b376-789ce58ae398,115,Voltsillam65,19a94b68-e613-4996-9bea-94313e9fa34d,,,
abbd6332-4732-4c4e-b295-2a21816bd6c7,116,Voltsillam66,19a94b68-e613-4996-9bea-94313e9fa34d,b3606140-be7b-461a-88e7-06aa370a1510,,
86567771-207e-4924-8914-5e4aa1a1a42e,117,Voltsillam67,e21e24ea-2d60-4468-b410-133c51485402,,,
3b93447e-00e1-4699-b945-e7fb992c8709,118,Voltsillam68,b49d774b-96c0-46c9-a77a-92b463c85398,fb38bd1c-beeb-4527-8345-900900329c10,,
5b11038d-06ec-4d49-b6be-f78d6ed2bef1,119,Voltsillam69,6c0de27e-2705-4183-96fc-0905caa34dc2,fb38bd1c-beeb-4527-8345-900900329c10,,
672c0946-7f75-4bb1-985d-413af71393f4,120,Voltsillam70,2937f02b-757e-4abf-a640-60e16e0bac19,fb38bd1c-beeb-4527-8345-900900329c10,,
ec8e329b-c3de-4159-8706-71f09c0f2234,121,Voltsillam71,67c8915e-ebbb-412c-b82f-62cf8f72b50f,,,
9fd76a1d-8174-4439-a8fb-6fac1ada0fb5,122,Voltsillam72,20bbffa6-9556-4118-af24-4f9cf1f14778,,,
0624dff9-2b21-453f-8cbb-d887fa77d9ec,123,Voltsillam73,67c8915e-ebbb-412c-b82f-62cf8f72b50f,fb38bd1c-beeb-4527-8345-900900329c10,,
666409d1-315d-4e73-bd56-ad69d45285ed,124,Voltsillam74,7fc9bda8-ad8a-468d-8244-38e1918527d5,b3606140-be7b-461a-88e7-06aa370a1510,,
afec1b57-5abf-4c3b-a824-15e2a1902be1,125,Voltsillam75,0509f332-a77e-4bfc-921b-11c46a6bbfd2,b3606140-be7b-461a-88e7-06aa370a1510,,
d672d9ac-67af-4ccc-89de-f1df3c58946b,126,Voltsillam76,a205764b-3998-4c89-afac-2bc9d737c8d3,b3606140-be7b-461a-88e7-06aa370a1510,,
b81beeba-0ea9-4622-902e-3e7a4dd50ba3,127,Voltsillam77,e6673cec-c79c-4111-b67c-9b31a1735e27,,,
ac735fa4-ac39-48c3-9ab6-1aced6f61d4d,128,Voltsillam78,c62dea9b-6974-4101-ba39-b09914165967,,,
62ff4615-f92d-4eb8-ab59-e3b3f4d6c4c5,129,Voltsillam79,6c0de27e-2705-4183-96fc-0905caa34dc2,,,
3a9ae700-fb61-4107-8370-d65c644bc7cb,130,Voltsillam80,701ee94a-083e-46bb-83b7-d95c3a4c9884,,,
903a6b18-a4d2-437b-8e79-8dbac5739dad,131,Voltsillam81,b49d774b-96c0-46c9-a77a-92b463c85398,,,
3b0575f2-731a-4dbb-8e3b-0f8654b0a47b,132,Voltsillam82,5146de1c-f089-43ff-8016-3c9e8f36e014,,,
6fa4f868-dcf7-4d23-9c00-5323591faa21,133,Voltsillam83,482591f1-33c8-4004-bc24-29931fc0c630,,,
3465985e-77df-46cd-a071-7bb9d399a098,134,Voltsillam84,e21e24ea-2d60-4468-b410-133c51485402,,,
b2a5ed24-8623-4a92-a442-b8914ab7f098,135,Voltsillam85,45870b0b-b77e-446b-beb8-a5061145444a,,,
104feef0-8a14-47eb-8346-3e1253d2c9a7,136,Voltsillam86,249fbafc-e934-4068-8452-d92381299c40,b3606140-be7b-461a-88e7-06aa370a1510,,
eb1bace7-94f5-4a37-8994-0967338cd987,137,Voltsillam87,6115591d-6e74-4b7f-9f80-f19e42494c99,,,
df2fdf58-b2f4-48db-9648-7849b3a663b6,138,Voltsillam88,2937f02b-757e-4abf-a640-60e16e0bac19,b3606140-be7b-461a-88e7-06aa370a1510,,
7864f2ff-7615-4b9f-910e-dbfdaae076d6,139,Voltsillam89,6115591d-6e74-4b7f-9f80-f19e42494c99,b3606140-be7b-461a-88e7-06aa370a1510,,
9c3e9569-284f-4e80-b6d4-82e8aaaf0fb8,140,Voltsillam90,20bbffa6-9556-4118-af24-4f9cf1f14778,,,
683d5ddf-ba26-4455-8017-ea24fb44e845,141,Voltsillam91,4774fc63-a0c8-4a29-a01d-5b6b48632175,,,
900c3840-e1bf-4c2e-bddf-8ab783c6ef03,142,Voltsillam92,701ee94a-083e-46bb-83b7-d95c3a4c9884,,,
442690ea-6e3d-4e75-ae1e-5bd13a36e1b5,143,Voltsillam93,2937f02b-757e-4abf-a640-60e16e0bac19,,,
a0ce85dd-6e60-4aea-8e27-ad33961919bb,144,Voltsillam94,58d9a145-218a-43bb-b669-bf29589c2512,,,
abdc552e-86b3-40fd-9ebf-a57dbb4acf87,145,Voltsillam95,a205764b-3998-4c89-afac-2bc9d737c8d3,fb38bd1c-beeb-4527-8345-900900329c10,,
b4fdacb7-af9f-4d66-b788-0d7fa7b89576,146,Voltsillam96,a205764b-3998-4c89-afac-2bc9d737c8d3,,,
40fe903e-4adb-4ea0-94f7-75c27cf5dfb0,147,Voltsillam97,6c0de27e-2705-4183-96fc-0905caa34dc2,,,
c7f7dbd2-f722-4b1e-95ad-840cbdf9a53f,148,Voltsillam98,4774fc63-a0c8-4a29-a01d-5b6b48632175,,,
ab95be75-9f1a-49db-b8bc-4cddf8484c57,149,Voltsillam99,19a94b68-e613-4996-9bea-94313e9fa34d,b3606140-be7b-461a-88e7-06aa370a1510,,
faa7b3a5-206e-49ef-854a-3df8dffd4dd9,150,Voltsillam100,67c8915e-ebbb-412c-b82f-62cf8f72b50f,,,
9e995f27-fa0f-42de-9c8e-d1a48345a4bc,151,Voltsillam101,0fcab1ac-1ddb-408a-8413-feb5ecfc5dc0,,,
b4bdbbb8-9b14-4567-996c-b9c2bc6c11c4,152,Voltsillam102,701ee94a-083e-46bb-83b7-d95c3a4c9884,,,
cdacc623-bd67-4ca0-8bb2-1e01b0125b85,153,Voltsillam103,e21e24ea-2d60-4468-b410-133c51485402,,,
307129f5-9775-477b-acda-1f740eec903c,154,Voltsillam104,0509f332-a77e-4bfc-921b-11c46a6bbfd2,,,
76c59942-9704-4725-8e62-9a99c37a2219,155,Voltsillam105,19a94b68-e613-4996-9bea-94313e9fa34d,,,
141197af-8bbb-434d-bd46-e2b23423306e,156,Voltsillam106,b25bf57d-43ae-41be-8fa9-6335c6fbe161,,,
15bb91a4-98dd-418e-9add-473259ceda79,157,Voltsillam107,b49d774b-96c0-46c9-a77a-92b463c85398,b3606140-be7b-461a-88e7-06aa370a1510,,
b3f4fb93-7530-4d54-8d2f-83b80b553f95,158,Voltsillam108,c62dea9b-6974-4101-ba39-b09914165967,b3606140-be7b-461a-88e7-06aa370a1510,,
72882b14-a7be-443f-938e-561d1ea65141,159,Voltsillam109,0898dcd6-53f2-41b6-ba7d-b2f5122ffb44,,,
d21a5064-7b9b-48f6-8e13-87f6ebac15a8,160,Voltsillam110,2937f02b-757e-4abf-a640-60e16e0bac19,bc5e972d-73e9-41c9-9c49-aa260e34a911,,
99314f2e-199b-4f44-a47c-5ade9e2ab635,161,Voltsillam111,b25bf57d-43ae-41be-8fa9-6335c6fbe161,b3606140-be7b-461a-88e7-06aa370a1510,,
0cd3a82d-ee39-42fa-b367-a6b60068040d,162,Voltsillam112,b25bf57d-43ae-41be-8fa9-6335c6fbe161,fb38bd1c-beeb-4527-8345-900900329c10,,
b2acfb54-a3cb-41c3-8a81-7d5af8b08201,163,Voltsillam113,67c8915e-ebbb-412c-b82f-62cf8f72b50f,fb38bd1c-beeb-4527-8345-900900329c10,,
9741decf-34fa-4875-a879-75909ec3bd90,164,Voltsillam114,f676c99b-efe9-41c4-b047-1e004e867e66,,,
43d39263-3f65-4c79-87e5-96f88f9df518,165,Voltsillam115,7fc9bda8-ad8a-468d-8244-38e1918527d5,,,
3defadfa-9f0f-49e5-9fdf-2bc20a4bec04,166,Voltsillam116,67c8915e-ebbb-412c-b82f-62cf8f72b50f,bc5e972d-73e9-41c9-9c49-aa260e34a911,,
76333b7f-fc1e-45bc-82dc-18fd69e5a66e,167,Voltsillam117,5146de1c-f089-43ff-8016-3c9e8f36e014,,,
8c82c32a-fbc4-40c6-9a1e-62c1ca594e61,168,Voltsillam118,97f7c9fb-4d2f-4501-a4bf-f9c365815c20,bc5e972d-73e9-41c9-9c49-aa260e34a911,,
9e8ce65a-27d9-45d1-a0bf-676f63969d9b,169,Voltsillam119,0509f332-a77e-4bfc-921b-11c46a6bbfd2,,,
a27f5ffe-2e96-45cf-85ad-3a9ebb218aa6,170,Voltsillam120,482591f1-33c8-4004-bc24-29931fc0c630,,,
784966b7-e741-4af0-a06a-bf782510469c,171,Voltsillam121,5146de1c-f089-43ff-8016-3c9e8f36e014,b3606140-be7b-461a-88e7-06aa370a1510,,
fda27a0f-de2b-46b6-b453-5223c7145885,172,Voltsillam122,701ee94a-083e-46bb-83b7-d95c3a4c9884,,,
c6f08223-f1d7-4a84-90ad-b0fda7083f2b,173,Voltsillam123,5146de1c-f089-43ff-8016-3c9e8f36e014,bc5e972d-73e9-41c9-9c49-aa260e34a911,,
8f8ae1cc-4bd0-4279-b138-44a70214d3f9,174,Voltsillam124,e21e24ea-2d60-4468-b410-133c51485402,b3606140-be7b-461a-88e7-06aa370a1510,,
78a98d4e-2452-4039-a428-7c2f9bd2447f,175,Voltsillam125,b49d774b-96c0-46c9-a77a-92b463c85398,,,
92cf4c12-a6d2-41d8-b894-dace48d80072,176,Voltsillam126,701ee94a-083e-46bb-83b7-d95c3a4c9884,fb38bd1c-beeb-4527-8345-900900329c10,,
94e7beed-78dc-4ce4-add1-7aeaf7d27676,177,Voltsillam127,0fcab1ac-1ddb-408a-8413-feb5ecfc5dc0,,,
516d1db7-6247-4e0d-b638-09528d68311b,178,Voltsillam128,6115591d-6e74-4b7f-9f80-f19e42494c99,,,
71bbb4f4-502f-4e85-8a57-ce2cf82d7988,179,Voltsillam129,e21e24ea-2d60-4468-b410-133c51485402,,,
289ff615-f732-46ad-9912-5b97d6ce3980,180,Voltsillam130,20bbffa6-9556-4118-af24-4f9cf1f14778,,,
3f86ea83-968d-47b9-b632-77f4ce3b7a99,181,Voltsillam131,b49d774b-96c0-46c9-a77a-92b463c85398,bc5e972d-73e9-41c9-9c49-aa260e34a911,,
30052abe-1faf-462b-8c55-9dd58835310f,182,Voltsillam132,45870b0b-b77e-446b-beb8-a5061145444a,b3606140-be7b-461a-88e7-06aa370a1510,,
97edebbd-844f-4f01-891e-7be743074053,183,Voltsillam133,e6673cec-c79c-4111-b67c-9b31a1735e27,fb38bd1c-beeb-4527-8345-900900329c10,,
3cad1203-2b71-44b3-a60e-689224c8a0d8,184,Voltsillam134,a205764b-3998-4c89-afac-2bc9d737c8d3,,,
d5d981b9-40a2-4a0e-8699-760c31531b26,185,Voltsillam135,c62dea9b-6974-4101-ba39-b09914165967,bc5e972d-73e9-41c9-9c49-aa260e34a911,,
46113bab-2244-4aa1-b0c9-fa4b7a71096a,186,Voltsillam136,58d9a145-218a-43bb-b669-bf29589c2512,,,
c5019781-73de-4c48-bc1d-eabc884e52c4,187,Voltsillam137,f676c99b-efe9-41c4-b047-1e004e867e66,,,
aae6a4ec-843c-4fe1-b721-af47c97fadc8,188,Voltsillam138,0fcab1ac-1ddb-408a-8413-feb5ecfc5dc0,fb38bd1c-beeb-4527-8345-900900329c10,,
84ec132a-cdd4-4be9-a3c0-818d58ea064f,189,Voltsillam139,45870b0b-b77e-446b-beb8-a5061145444a,,,
cbd78953-988b-4526-a673-22467bbd8224,190,Voltsillam140,6c0de27e-2705-4183-96fc-0905caa34dc2,,,
66ac9b98-553e-4f0c-b493-7e95696b35fb,191,Voltsillam141,67c8915e-ebbb-412c-b82f-62cf8f72b50f,,,
db8f8feb-b55d-4326-9f7e-79c26dbafd9f,192,Voltsillam142,19a94b68-e613-4996-9bea-94313e9fa34d,fb38bd1c-beeb-4527-8345-900900329c10,,
dda2fd56-8b44-43b1-8570-b0788854e648,193,Voltsillam143,b25bf57d-43ae-41be-8fa9-6335c6fbe161,bc5e972d-73e9-41c9-9c49-aa260e34a911,,
60d7ccad-3445-485d-942e-630ec5e02845,194,Voltsillam144,6c0de27e-2705-4183-96fc-0905caa34dc2,,,
45dc6dbb-99c0-4e92-a4a7-6e52fbca642d,195,Voltsillam145,482591f1-33c8-4004-bc24-29931fc0c630,,,
42dbe272-5c1e-41d1-bd12-54ddbaee104e,196,Voltsillam146,7fc9bda8-ad8a-468d-8244-38e1918527d5,fb38bd1c-beeb-4527-8345-900900329c10,,
906c9b9b-5c3c-42ce-b109-52a138c066f2,197,Voltsillam147,e6673cec-c79c-4111-b67c-9b31a1735e27,,,
a8cfc855-f73c-4c0c-895e-f451305d5757,198,Voltsillam148,e6673cec-c79c-4111-b67c-9b31a1735e27,,,
e3c15ba5-1483-4d79-acf8-d6cf73c43c00,199,Voltsillam149,97f7c9fb-4d2f-4501-a4bf-f9c365815c20,fb38bd1c-beeb-4527-8345-900900329c10,,
56a10592-e0fc-4293-a4a4-af951a1977ea,200,Voltsillam150,b25bf57d-43ae-41be-8fa9-6335c6fbe161,,,
91357f66-2cf1-429f-bfaa-91613b57438e,201,Voltsillam151,482591f1-33c8-4004-bc24-29931fc0c630,,,
f0d256e7-f310-43b0-b531-d9c190796962,202,Voltsillam152,45870b0b-b77e-446b-beb8-a5061145444a,b3606140-be7b-461a-88e7-06aa370a1510,,
e7c7e6f5-0a77-4c03-b589-8fadf3360cb3,203,Voltsillam153,a205764b-3998-4c89-afac-2bc9d737c8d3,b3606140-be7b-461a-88e7-06aa370a1510,,
3abad476-701f-4dcb-b125-603cdcf70667,204,Voltsillam154,0509f332-a77e-4bfc-921b-11c46a6bbfd2,fb38bd1c-beeb-4527-8345-900900329c10,,
e56731ec-f318-4d6b-9f07-0dcefef5c140,205,Voltsillam155,97f7c9fb-4d2f-4501-a4bf-f9c365815c20,,,
a7524be8-429f-48eb-8e28-4c58f29f420e,206,Voltsillam156,701ee94a-083e-46bb-83b7-d95c3a4c9884,fb38bd1c-beeb-4527-8345-900900329c10,,
c4bec8df-d22f-45e6-96be-632f2f019f93,207,Voltsillam157,6c0de27e-2705-4183-96fc-0905caa34dc2,,,
240e93ec-4a02-4e7c-81cc-f668b1183f20,208,Voltsillam158,0509f332-a77e-4bfc-921b-11c46a6bbfd2,b3606140-be7b-461a-88e7-06aa370a1510,,
9e3a3b16-5716-410f-84b2-2860aae03dce,209,Voltsillam159,0fcab1ac-1ddb-408a-8413-feb5ecfc5dc0,fb38bd1c-beeb-4527-8345-900900329c10,,
b8619c05-9a27-4e98-bf40-493f2d0e12b8,210,Voltsillam160,5146de1c-f089-43ff-8016-3c9e8f36e014,,,
22809f82-7e3c-4b1b-98c0-0f436e816b13,211,Voltsillam161,f676c99b-efe9-41c4-b047-1e004e867e66,b3606140-be7b-461a-88e7-06aa370a1510,,
c8cbe2f7-4171-451f-8406-93627d78efc9,212,Voltsillam162,45870b0b-b77e-446b-beb8-a5061145444a,b3606140-be7b-461a-88e7-06aa370a1510,,
cd1a9f96-3a8f-42cc-9529-f1f9286e031a,213,Voltsillam163,2937f02b-757e-4abf-a640-60e16e0bac19,,,
1b0dd1d5-bbc6-4e9c-9e3e-92c1b1d23617,214,Voltsillam164,6115591d-6e74-4b7f-9f80-f19e42494c99,,,
e357fd73-dfeb-4da0-b958-58fab42efc26,215,Voltsillam165,0fcab1ac-1ddb-408a-8413-feb5ecfc5dc0,,,
25bb44c1-a026-477f-b6a0-90462538821a,216,Voltsillam166,b49d774b-96c0-46c9-a77a-92b463c85398,b3606140-be7b-461a-88e7-06aa370a1510,,
8fdfa168-ac86-4974-8819-328c27938986,217,Voltsillam167,b25bf57d-43ae-41be-8fa9-6335c6fbe161,,,
c6f2b5e9-7fb3-4f13-aa9b-df8d6c398d58,218,Voltsillam168,19a94b68-e613-4996-9bea-94313e9fa34d,,,
d3273b36-d429-4fbf-a8b3-18796fe96f48,219,Voltsillam169,701ee94a-083e-46bb-83b7-d95c3a4c9884,,,
2238d38b-c14d-482a-9dee-b587e1845c30,220,Voltsillam170,2937f02b-757e-4abf-a640-60e16e0bac19,,,
660a80e8-5fcb-4216-89dd-849660eafa77,221,Voltsillam171,6115591d-6e74-4b7f-9f80-f19e42494c99,,,
26be8a79-bc62-4474-a29a-567742aa65ca,222,Voltsillam172,20bbffa6-9556-4118-af24-4f9cf1f14778,b3606140-be7b-461a-88e7-06aa370a1510,,
8c1b0e5a-06e4-42a7-910c-9347fbe3ad94,223,Voltsillam173,5146de1c-f089-43ff-8016-3c9e8f36e014,b3606140-be7b-461a-88e7-06aa370a1510,,
e63b362a-c42e-4924-b021-40d5c42d6297,224,Voltsillam174,45870b0b-b77e-446b-beb8-a5061145444a,,,
36dff559-cdba-4184-9718-c220215fc274,225,Voltsillam175,5146de1c-f089-43ff-8016-3c9e8f36e014,fb38bd1c-beeb-4527-8345-900900329c10,,
caac04a3-3b1f-4c96-bdd4-a24bf6071bb6,226,Voltsillam176,19a94b68-e613-4996-9bea-94313e9fa34d,fb38bd1c-beeb-4527-8345-900900329c10,,
3df98f3b-3af3-49ef-8579-ad08a1d151d4,227,Voltsillam177,6115591d-6e74-4b7f-9f80-f19e42494c99,,,
59d4b70d-1df7-429b-90da-f5b177cfa047,228,Voltsillam178,6115591d-6e74-4b7f-9f80-f19e42494c99,,,
b82a235f-5ea0-4ee3-b73c-be39b1e1d9d4,229,Voltsillam179,a205764b-3998-4c89-afac-2bc9d737c8d3,bc5e972d-73e9-41c9-9c49-aa260e34a911,,
c24e5717-8cb6-4ed0-b5b3-0de9e2be3458,230,Voltsillam180,58d9a145-218a-43bb-b669-bf29589c2512,,,
ea9de583-605d-4aff-9158-aa0843ff57b2,231,Voltsillam181,e6673cec-c79c-4111-b67c-9b31a1735e27,,,
495f09a2-10a5-457e-acd8-4a4b06e91553,232,Voltsillam182,4774fc63-a0c8-4a29-a01d-5b6b48632175,,,
f1ece004-bbf8-455a-be2b-37c5a96d12a5,233,Voltsillam183,6115591d-6e74-4b7f-9f80-f19e42494c99,,,
a94a05e8-20a3-4558-89b8-e2fe5e2d2985,234,Voltsillam184,19a94b68-e613-4996-9bea-94313e9fa34d,,,
995b4a41-e972-4ccd-a5d2-bdc6135aa26b,235,Voltsillam185,b25bf57d-43ae-41be-8fa9-6335c6fbe161,,,
63428ea1-da68-4918-99e2-6adcfe3444b7,236,Voltsillam186,701ee94a-083e-46bb-83b7-d95c3a4c9884,b3606140-be7b-461a-88e7-06aa370a1510,,
06cb0502-acbb-4cea-b29f-6fefe318a0be,237,Voltsillam187,2937f02b-757e-4abf-a640-60e16e0bac19,fb38bd1c-beeb-4527-8345-900900329c10,,
ec4e3223-c870-4db2-80db-90c84773eb81,238,Voltsillam188,7fc9bda8-ad8a-468d-8244-38e1918527d5,b3606140-be7b-461a-88e7-06aa370a1510,,
57ad4e39-19cb-431c-aae6-8caf83288797,239,Voltsillam189,a205764b-3998-4c89-afac-2bc9d737c8d3,bc5e972d-73e9-41c9-9c49-aa260e34a911,,
dd95d817-50f9-4566-8b7d-efd1ab6fd002,240,Voltsillam190,6115591d-6e74-4b7f-9f80-f19e42494c99,,,
a252ba7d-8787-49e7-bc78-af364503153d,241,Voltsillam191,e6673cec-c79c-4111-b67c-9b31a1735e27,fb38bd1c-beeb-4527-8345-900900329c10,,
4ea4165c-1abc-47fb-87ce-dcc1ff0317fc,242,Voltsillam192,5146de1c-f089-43ff-8016-3c9e8f36e014,,,
fc6b6483-4a6c-437e-b173-642642d0b467,243,Voltsillam193,19a94b68-e613-4996-9bea-94313e9fa34d,,,
f5bfcac8-e077-4703-ba7b-9cdc3f12793e,244,Voltsillam194,a205764b-3998-4c89-afac-2bc9d737c8d3,,,
38ab99a1-dd86-48cb-a502-028845f72030,245,Voltsillam195,6115591d-6e74-4b7f-9f80-f19e42494c99,fb38bd1c-beeb-4527-8345-900900329c10,,
ff6e9f79-2b45-4def-bd92-e72b5a894eab,246,Voltsillam196,e6673cec-c79c-4111-b67c-9b31a1735e27,,,
f0d913b3-9696-4b84-8694-7f3236c9bcb4,247,Voltsillam197,c62dea9b-6974-4101-ba39-b09914165967,,,
b662d023-c537-4f33-af88-0781b9d2d5a7,248,Voltsillam198,2937f02b-757e-4abf-a640-60e16e0bac19,bc5e972d-73e9-41c9-9c49-aa260e34a911,,
8c8ae04d-863e-44de-b04c-bc3d652691b6,249,Voltsillam199,6c0de27e-2705-4183-96fc-0905caa34dc2,,,
1038f933-1320-4d70-8d18-579ce9a53159,250,Voltsillam200,a205764b-3998-4c89-afac-2bc9d737c8d3,fb38bd1c-beeb-4527-8345-900900329c10,,
40ff212a-8707-41f6-b17c-1a92cfc4e58d,251,Voltsillam201,701ee94a-083e-46bb-83b7-d95c3a4c9884,fb38bd1c-beeb-4527-8345-900900329c10,,
96cb20c4-601a-40db-943c-ba1582d7d357,252,Voltsillam202,e21e24ea-2d60-4468-b410-133c51485402,b3606140-be7b-461a-88e7-06aa370a1510,,
092f7e2f-1d10-4faa-9819-ce50b4e5816b,253,Voltsillam203,67c8915e-ebbb-412c-b82f-62cf8f72b50f,,,
617225ae-9540-4fa8-a000-ac54a625c9e9,254,Voltsillam204,4774fc63-a0c8-4a29-a01d-5b6b48632175,,,
796db7d9-8f07-4fe5-9a43-c112cf597366,255,Voltsillam205,701ee94a-083e-46bb-83b7-d95c3a4c9884,bc5e972d-73e9-41c9-9c49-aa260e34a911,,
17a28f89-748d-40c6-951d-aaf5a97f6456,256,Voltsillam206,f676c99b-efe9-41c4-b047-1e004e867e66,b3606140-be7b-461a-88e7-06aa370a1510,,
85e6d247-afb8-4162-99e3-ee0c735164a1,257,Voltsillam207,4774fc63-a0c8-4a29-a01d-5b6b48632175,,,
25ac849f-2df0-4b13-ae8e-0c0e1a823ee6,258,Voltsillam208,e6673cec-c79c-4111-b67c-9b31a1735e27,bc5e972d-73e9-41c9-9c49-aa260e34a911,,
9fe64c43-de24-4fa9-961e-6e334e0daf81,259,Voltsillam209,0509f332-a77e-4bfc-921b-11c46a6bbfd2,,,
9aeb03c0-62e1-4897-8e9a-6fe7949fef63,260,Voltsillam210,e21e24ea-2d60-4468-b410-133c51485402,bc5e972d-73e9-41c9-9c49-aa260e34a911,,
d959a99a-9907-495a-a891-e5f9ed817823,261,Voltsillam211,a205764b-3998-4c89-afac-2bc9d737c8d3,fb38bd1c-beeb-4527-8345-900900329c10,,
128d83eb-4203-42b7-b050-2502b7d74ca0,262,Voltsillam212,5146de1c-f089-43ff-8016-3c9e8f36e014,b3606140-be7b-461a-88e7-06aa370a1510,,
f3fcf480-9d59-4a45-8dab-06a333ae2353,263,Voltsillam213,0509f332-a77e-4bfc-921b-11c46a6bbfd2,b3606140-be7b-461a-88e7-06aa370a1510,,
9926c762-94e9-41b8-bae6-4148c8461280,264,Voltsillam214,6c0de27e-2705-4183-96fc-0905caa34dc2,b3606140-be7b-461a-88e7-06aa370a1510,,
be1bb28e-a0c2-4f39-b5ee-51437c39f486,265,Voltsillam215,0509f332-a77e-4bfc-921b-11c46a6bbfd2,bc5e972d-73e9-41c9-9c49-aa260e34a911,,
68cc4527-cf47-428a-be4c-afcf1857baf5,266,Voltsillam216,4774fc63-a0c8-4a29-a01d-5b6b48632175,,,
b2d90b8e-dbd2-408b-a88a-5c9572bbec75,267,Voltsillam217,c62dea9b-6974-4101-ba39-b09914165967,bc5e972d-73e9-41c9-9c49-aa260e34a911,,
54853f68-230a-4cd7-b4e0-f905346e6090,268,Voltsillam218,0fcab1ac-1ddb-408a-8413-feb5ecfc5dc0,b3606140-be7b-461a-88e7-06aa370a1510,,
a2853592-e382-4ffd-b628-74ba02b2a2da,269,Voltsillam219,e6673cec-c79c-4111-b67c-9b31a1735e27,bc5e972d-73e9-41c9-9c49-aa260e34a911,,
ef1ef3bf-da67-4203-88de-d5e7c6c4a2d1,270,Voltsillam220,0898dcd6-53f2-41b6-ba7d-b2f5122ffb44,fb38bd1c-beeb-4527-8345-900900329c10,,
ff075356-4214-4470-92a6-15bfa900b392,271,Voltsillam221,0509f332-a77e-4bfc-921b-11c46a6bbfd2,,,
b98d87d9-90b4-4b63-bdc7-18a0a8b77de7,272,Voltsillam222,c62dea9b-6974-4101-ba39-b09914165967,,,
60c1eba7-829e-418d-a07f-9a9193489a6b,273,Voltsillam223,b49d774b-96c0-46c9-a77a-92b463c85398,b3606140-be7b-461a-88e7-06aa370a1510,,
ad46d3e8-ed33-4f8c-b11a-63e7a37164aa,274,Voltsillam224,701ee94a-083e-46bb-83b7-d95c3a4c9884,b3606140-be7b-461a-88e7-06aa370a1510,,
19809ef4-70f8-488d-8475-d514d88367ea,275,Voltsillam225,67c8915e-ebbb-412c-b82f-62cf8f72b50f,,,
d30e28f4-2cbd-45bb-8b38-4da794bbad10,276,Voltsillam226,c62dea9b-6974-4101-ba39-b09914165967,,,
f9900a2e-3409-4ed6-8838-b9fa0620eefe,277,Voltsillam227,249fbafc-e934-4068-8452-d92381299c40,,,
10d74836-3db0-479a-87dc-ac637048f237,278,Voltsillam228,f676c99b-efe9-41c4-b047-1e004e867e66,,,
fcae7f00-d99d-4fb9-bc6b-ab6482e43c31,279,Voltsillam229,b25bf57d-43ae-41be-8fa9-6335c6fbe161,bc5e972d-73e9-41c9-9c49-aa260e34a911,,
740c3226-bf58-442a-8c89-8aeabddfb69e,280,Voltsillam230,f676c99b-efe9-41c4-b047-1e004e867e66,bc5e972d-73e9-41c9-9c49-aa260e34a911,,
036215fd-1a88-41d2-810b-e7540403c516,281,Voltsillam231,67c8915e-ebbb-412c-b82f-62cf8f72b50f,bc5e972d-73e9-41c9-9c49-aa260e34a911,,
9956e1d0-7b50-48d7-a797-eecf91229fc7,282,Voltsillam232,b25bf57d-43ae-41be-8fa9-6335c6fbe161,,,
82795e46-2289-4cc3-9e1b-b74f463f3405,283,Voltsillam233,19a94b68-e613-4996-9bea-94313e9fa34d,,,
fc563860-2593-40f4-9667-1ebb746cf796,284,Voltsillam234,0fcab1ac-1ddb-408a-8413-feb5ecfc5dc0,,,
f07688d4-fbf0-4412-8885-94cfeaf43475,285,Voltsillam235,0fcab1ac-1ddb-408a-8413-feb5ecfc5dc0,,,
f50e433a-54dc-443e-87be-46cad054f7b2,286,Voltsillam236,0509f332-a77e-4bfc-921b-11c46a6bbfd2,,,
1083f225-2533-4b08-b09e-3351f7237d41,287,Voltsillam237,a205764b-3998-4c89-afac-2bc9d737c8d3,,,
843f5c6a-85f1-4247-8b15-f9764f778dc9,288,Voltsillam238,58d9a145-218a-43bb-b669-bf29589c2512,,,
b17f8036-4dd0-49ef-adb8-af0040fdc5bc,289,Voltsillam239,701ee94a-083e-46bb-83b7-d95c3a4c9884,,,
6782798a-9d67-42a0-83d8-d74f89ed3b95,290,Voltsillam240,4774fc63-a0c8-4a29-a01d-5b6b48632175,fb38bd1c-beeb-4527-8345-900900329c10,,
b7c055ed-32c3-4128-9a12-4d739214644c,291,Voltsillam241,0509f332-a77e-4bfc-921b-11c46a6bbfd2,bc5e972d-73e9-41c9-9c49-aa260e34a911,,
eb883a8e-ef63-4310-ae3b-e2d508d408ed,292,Voltsillam242,2937f02b-757e-4abf-a640-60e16e0bac19,b3606140-be7b-461a-88e7-06aa370a1510,,
15c278c1-5cd6-4b0c-9901-a5e5eb92618d,293,Voltsillam243,2937f02b-757e-4abf-a640-60e16e0bac19,,,
bb3055fd-9f9a-41ff-972e-bba9bfd2b5b1,294,Voltsillam244,19a94b68-e613-4996-9bea-94313e9fa34d,b3606140-be7b-461a-88e7-06aa370a1510,,
68b1eeaa-317f-4004-ab4a-ffbad09668bb,295,Voltsillam245,45870b0b-b77e-446b-beb8-a5061145444a,b3606140-be7b-461a-88e7-06aa370a1510,,
a27ba667-604a-4aca-b415-699d99142b99,296,Voltsillam246,45870b0b-b77e-446b-beb8-a5061145444a,bc5e972d-73e9-41c9-9c49-aa260e34a911,,
e7a38da0-a528-45c0-b094-2e4142faaecc,297,Voltsillam247,249fbafc-e934-4068-8452-d92381299c40,fb38bd1c-beeb-4527-8345-900900329c10,,
20d27872-53e9-4b93-ad11-c2a45dfb8330,298,Voltsillam248,e6673cec-c79c-4111-b67c-9b31a1735e27,,,
c9301c25-9863-4d86-b493-7e896576489c,299,Voltsillam249,6c0de27e-2705-4183-96fc-0905caa34dc2,b3606140-be7b-461a-88e7-06aa370a1510,,
eb228991-613e-4e01-ada8-d7fd410a528b,300,Voltsillam250,e21e24ea-2d60-4468-b410-133c51485402,bc5e972d-73e9-41c9-9c49-aa260e34a911,,
6537a371-1428-4ef2-962a-a2ff657d1e79,301,Voltsillam251,19a94b68-e613-4996-9bea-94313e9fa34d,fb38bd1c-beeb-4527-8345-900900329c10,,
f5d3b137-da38-4140-b49f-c9f05a099059,302,Voltsillam252,0fcab1ac-1ddb-408a-8413-feb5ecfc5dc0,,,
75b776ff-c0de-4459-8d9b-ee710ac6a64e,303,Voltsillam253,58d9a145-218a-43bb-b669-bf29589c2512,,,
abb71cc1-4643-45ff-9b37-61eb8271766e,304,Voltsillam254,e21e24ea-2d60-4468-b410-133c51485402,fb38bd1c-beeb-4527-8345-900900329c10,,
ef27270f-c428-41a2-8c8c-cc87c7c86e89,305,Voltsillam255,701ee94a-083e-46bb-83b7-d95c3a4c9884,,,
bb89724a-a701-4026-9d8b-e4b8b3b53c1a,306,Voltsillam256,c62dea9b-6974-4101-ba39-b09914165967,bc5e972d-73e9-41c9-9c49-aa260e34a911,,
d26c8ae6-0750-40a8-9670-d34a627a9b61,307,Voltsillam257,7fc9bda8-ad8a-468d-8244-38e1918527d5,,,
f8e866c0-56d5-4b72-aa24-96a90ee96098,308,Voltsillam258,67c8915e-ebbb-412c-b82f-62cf8f72b50f,b3606140-be7b-461a-88e7-06aa370a1510,,
a22aa7bb-68b1-485d-9569-071fe364b740,309,Voltsillam259,f676c99b-efe9-41c4-b047-1e004e867e66,,,
27a926d8-de8b-46da-9c1e-1b2daaab141e,310,Voltsillam260,e6673cec-c79c-4111-b67c-9b31a1735e27,fb38bd1c-beeb-4527-8345-900900329c10,,
b3bc131a-6312-4380-bc9b-67e16585dfa2,311,Voltsillam261,0509f332-a77e-4bfc-921b-11c46a6bbfd2,fb38bd1c-beeb-4527-8345-900900329c10,,
73261a68-771a-4255-8db1-026719099f12,312,Voltsillam262,e6673cec-c79c-4111-b67c-9b31a1735e27,b3606140-be7b-461a-88e7-06aa370a1510,,
5f51ea51-e8fd-4d8a-bfd2-bb21d8f0735d,313,Voltsillam263,2937f02b-757e-4abf-a640-60e16e0bac19,fb38bd1c-beeb-4527-8345-900900329c10,,
c9893535-91ca-4ab2-8d58-0d33401f46d0,314,Voltsillam264,2937f02b-757e-4abf-a640-60e16e0bac19,,,
53ea673e-f7dd-4e6b-9524-39d1bc2a4e02,315,Voltsillam265,f676c99b-efe9-41c4-b047-1e004e867e66,b3606140-be7b-461a-88e7-06aa370a1510,,
e38181a9-2c6e-4dc1-b8c0-88651a583b1d,316,Voltsillam266,58d9a145-218a-43bb-b669-bf29589c2512,bc5e972d-73e9-41c9-9c49-aa260e34a911,,
5c88e951-83fb-4554-bf72-90a99e6b4d68,317,Voltsillam267,b25bf57d-43ae-41be-8fa9-6335c6fbe161,,,
1d4c80f9-9be7-43de-adcc-d693985db65e,318,Voltsillam268,97f7c9fb-4d2f-4501-a4bf-f9c365815c20,,,
cfd44064-435d-4618-abfa-8a1d6f584b99,319,Voltsillam269,19a94b68-e613-4996-9bea-94313e9fa34d,fb38bd1c-beeb-4527-8345-900900329c10,,
230f7033-1a6b-4efd-b0aa-08ed35452ea1,320,Voltsillam270,c62dea9b-6974-4101-ba39-b09914165967,,,
fecd55b5-a165-4985-ae75-55531a82797b,321,Voltsillam271,b25bf57d-43ae-41be-8fa9-6335c6fbe161,fb38bd1c-beeb-4527-8345-900900329c10,,
978757a3-727b-4858-869d-8e9daa16f9ca,322,Voltsillam272,0509f332-a77e-4bfc-921b-11c46a6bbfd2,bc5e972d-73e9-41c9-9c49-aa260e34a911,,
762bd679-478e-4d81-9d57-b994e330b291,323,Voltsillam273,97f7c9fb-4d2f-4501-a4bf-f9c365815c20,,,
d1c10e33-6f7e-4537-8fa1-835d65b86204,324,Voltsillam274,97f7c9fb-4d2f-4501-a4bf-f9c365815c20,bc5e972d-73e9-41c9-9c49-aa260e34a911,,
28dcf675-50cc-44c2-a79b-993ee9e1df0b,325,Voltsillam275,4774fc63-a0c8-4a29-a01d-5b6b48632175,b3606140-be7b-461a-88e7-06aa370a1510,,
1ebd7d18-8e9f-4332-9cd1-62c5b6970f39,326,Voltsillam276,67c8915e-ebbb-412c-b82f-62cf8f72b50f,,,
96e5c2b8-f81e-4fbe-9e05-a018c01144c4,327,Voltsillam277,2937f02b-757e-4abf-a640-60e16e0bac19,bc5e972d-73e9-41c9-9c49-aa260e34a911,,
490d9511-a25d-441e-aa7a-df9dffb9aeeb,328,Voltsillam278,c62dea9b-6974-4101-ba39-b09914165967,,,
af25c64e-1b00-4033-a61f-27b3233a1252,329,Voltsillam279,249fbafc-e934-4068-8452-d92381299c40,,,
60897359-343c-4a54-a35a-86aeea5698f9,330,Voltsillam280,0fcab1ac-1ddb-408a-8413-feb5ecfc5dc0,,,
a9dda535-dc03-4d12-871d-7169b7509f56,331,Voltsillam281,6c0de27e-2705-4183-96fc-0905caa34dc2,,,
cd878af5-da0b-490b-b83c-b27da477a9fe,332,Voltsillam282,0fcab1ac-1ddb-408a-8413-feb5ecfc5dc0,,,
87fcbeb4-111d-41dd-85aa-c0c48657f496,333,Voltsillam283,0898dcd6-53f2-41b6-ba7d-b2f5122ffb44,,,
bfb6a7a7-33be-4b3b-a122-156f6b5690bc,334,Voltsillam284,58d9a145-218a-43bb-b669-bf29589c2512,,,
03bfde72-7cc6-4bbe-82ea-18d56bff83bf,335,Voltsillam285,c62dea9b-6974-4101-ba39-b09914165967,,,
4d085bfa-d119-4376-b5b8-64ba0a7a945d,336,Voltsillam286,5146de1c-f089-43ff-8016-3c9e8f36e014,,,
e9e8f6f4-3d16-4066-8ebf-c390b6e66be1,337,Voltsillam287,a205764b-3998-4c89-afac-2bc9d737c8d3,bc5e972d-73e9-41c9-9c49-aa260e34a911,,
9fe22b84-9080-4b87-b5ec-06bd0b025f78,338,Voltsillam288,249fbafc-e934-4068-8452-d92381299c40,,,
4a031757-cc89-4838-bae7-aa4db354f2a3,339,Voltsillam289,e6673cec-c79c-4111-b67c-9b31a1735e27,b3606140-be7b-461a-88e7-06aa370a1510,,
07c17013-6706-45fb-8975-016e67dff3cc,340,Voltsillam290,67c8915e-ebbb-412c-b82f-62cf8f72b50f,bc5e972d-73e9-41c9-9c49-aa260e34a911,,
38e4acac-2dc6-4bc0-bbad-4ea795f599e6,341,Voltsillam291,45870b0b-b77e-446b-beb8-a5061145444a,,,
58ddbfd0-b564-441d-9e7a-65377f631e28,342,Voltsillam292,97f7c9fb-4d2f-4501-a4bf-f9c365815c20,bc5e972d-73e9-41c9-9c49-aa260e34a911,,
52cecc9a-e9fe-495d-a368-ed9afeac67da,343,Voltsillam293,4774fc63-a0c8-4a29-a01d-5b6b48632175,bc5e972d-73e9-41c9-9c49-aa260e34a911,,
ca064116-877c-461a-8421-6c80599373a7,344,Voltsillam294,2937f02b-757e-4abf-a640-60e16e0bac19,,,
db96cb5c-ee66-4f62-881c-ea839eac7845,345,Voltsillam295,0509f332-a77e-4bfc-921b-11c46a6bbfd2,bc5e972d-73e9-41c9-9c49-aa260e34a911,,
21fc0311-4ac8-4470-814a-0809939e5b86,346,Voltsillam296,5146de1c-f089-43ff-8016-3c9e8f36e014,,,
4628ddfc-c28d-41db-8615-15e9a64267e0,347,Voltsillam297,249fbafc-e934-4068-8452-d92381299c40,b3606140-be7b-461a-88e7-06aa370a1510,,
239730d4-acd5-43e5-9f6e-7b7aa28df46b,348,Voltsillam298,249fbafc-e934-4068-8452-d92381299c40,bc5e972d-73e9-41c9-9c49-aa260e34a911,,
81e4857a-b2f8-473e-8c44-a320ec097864,349,Voltsillam299,6c0de27e-2705-4183-96fc-0905caa34dc2,fb38bd1c-beeb-4527-8345-900900329c10,,
fde1bc30-08d1-4006-bf07-1cd1170bd952,350,Voltsillam300,482591f1-33c8-4004-bc24-29931fc0c630,fb38bd1c-beeb-4527-8345-900900329c10,,
7cc903a4-bc3d-4356-8684-313ad0e6ed8d,351,Voltsillam301,5146de1c-f089-43ff-8016-3c9e8f36e014,,,
3e6ddef9-bc3e-489d-aae9-db4d4169459e,352,Voltsillam302,b25bf57d-43ae-41be-8fa9-6335c6fbe161,fb38bd1c-beeb-4527-8345-900900329c10,,
8dab8175-c884-42a3-8852-0c41184018e3,353,Voltsillam303,c62dea9b-6974-4101-ba39-b09914165967,b3606140-be7b-461a-88e7-06aa370a1510,,
549be43e-9336-4d7a-b59a-d8928513e91d,354,Voltsillam304,2937f02b-757e-4abf-a640-60e16e0bac19,,,
4cee1f0c-0a2f-4abd-9c3b-282d7f57157a,355,Voltsillam305,0509f332-a77e-4bfc-921b-11c46a6bbfd2,fb38bd1c-beeb-4527-8345-900900329c10,,
e2f13da8-0298-4e79-822a-572b3d0d0d2d,356,Voltsillam306,7fc9bda8-ad8a-468d-8244-38e1918527d5,,,
36f27350-8ba4-4b68-9837-a720e8c011c5,357,Voltsillam307,58d9a145-218a-43bb-b669-bf29589c2512,bc5e972d-73e9-41c9-9c49-aa260e34a911,,
f3880ef9-8e7b-4c55-b7fd-25e323c8e119,358,Voltsillam308,f676c99b-efe9-41c4-b047-1e004e867e66,b3606140-be7b-461a-88e7-06aa370a1510,,
ec7a4dcd-ec79-49da-99b6-9b90f8ba5dfb,359,Voltsillam309,2937f02b-757e-4abf-a640-60e16e0bac19,bc5e972d-73e9-41c9-9c49-aa260e34a911,,
8ff03ebb-fd20-421d-af4a-eea55723dfab,360,Voltsillam310,20bbffa6-9556-4118-af24-4f9cf1f14778,fb38bd1c-beeb-4527-8345-900900329c10,,
14d58f5f-0720-466a-8052-013b26fa22a1,361,Voltsillam311,67c8915e-ebbb-412c-b82f-62cf8f72b50f,bc5e972d-73e9-41c9-9c49-aa260e34a911,,
8b8d7242-3a9b-4cd1-be43-d0ace2cf8ac0,362,Voltsillam312,6c0de27e-2705-4183-96fc-0905caa34dc2,,,
dbaaa8c6-e138-4cd1-bd78-0f1ea71d8677,363,Voltsillam313,20bbffa6-9556-4118-af24-4f9cf1f14778,bc5e972d-73e9-41c9-9c49-aa260e34a911,,
4059878b-0d4f-4178-90d7-33f64e52a2c1,364,Voltsillam314,0509f332-a77e-4bfc-921b-11c46a6bbfd2,,,
f5c9a6a8-9dec-449f-9df1-35ff06713994,365,Voltsillam315,e6673cec-c79c-4111-b67c-9b31a1735e27,bc5e972d-73e9-41c9-9c49-aa260e34a911,,
aba7a9d8-1d19-44a6-b1c2-f2e7a39d9a6e,366,Voltsillam316,0898dcd6-53f2-41b6-ba7d-b2f5122ffb44,,,
debf86f8-6b45-4c59-aa7a-b6390e943bd3,367,Voltsillam317,5146de1c-f089-43ff-8016-3c9e8f36e014,fb38bd1c-beeb-4527-8345-900900329c10,,
085a5525-5447-4c57-b6ef-549f54dbe7dd,368,Voltsillam318,97f7c9fb-4d2f-4501-a4bf-f9c365815c20,b3606140-be7b-461a-88e7-06aa370a1510,,
72d13ba4-5130-4f36-93e9-6623e9dfd82f,369,Voltsillam319,45870b0b-b77e-446b-beb8-a5061145444a,bc5e972d-73e9-41c9-9c49-aa260e34a911,,
149a674d-163c-4fee-8ecb-96dd869d5ef7,370,Voltsillam320,67c8915e-ebbb-412c-b82f-62cf8f72b50f,b3606140-be7b-461a-88e7-06aa370a1510,,
4c50dad2-7ca6-43d1-8e9a-c764c5ec5daf,371,Voltsillam321,6c0de27e-2705-4183-96fc-0905caa34dc2,,,
e9f792ab-1da1-4ac3-8471-97062e78750d,372,Voltsillam322,e6673cec-c79c-4111-b67c-9b31a1735e27,bc5e972d-73e9-41c9-9c49-aa260e34a911,,
243e45b2-294b-40e8-a5c0-1d1e061f649b,373,Voltsillam323,6c0de27e-2705-4183-96fc-0905caa34dc2,,,
f8bfa3e0-2104-4476-820c-1a31bf51ed39,374,Voltsillam324,6115591d-6e74-4b7f-9f80-f19e42494c99,,,
de9c46d1-c3ca-44da-bce7-ad4fd84d2e4c,375,Voltsillam325,6c0de27e-2705-4183-96fc-0905caa34dc2,fb38bd1c-beeb-4527-8345-900900329c10,,
4a95c0ae-8f19-4cc1-8e8c-1bd7e03aef71,376,Voltsillam326,b25bf57d-43ae-41be-8fa9-6335c6fbe161,,,
facd1a1e-5bdb-4fa5-bd7a-19bb5bbcc963,377,Voltsillam327,e6673cec-c79c-4111-b67c-9b31a1735e27,b3606140-be7b-461a-88e7-06aa370a1510,,
3307188b-ab66-46da-9e1b-6d401c99715d,378,Voltsillam328,67c8915e-ebbb-412c-b82f-62cf8f72b50f,,,
65e7f7b1-8359-4f36-aefd-00663535de9e,379,Voltsillam329,58d9a145-218a-43bb-b669-bf29589c2512,bc5e972d-73e9-41c9-9c49-aa260e34a911,,
0d2b5ed8-4236-4b37-8f84-dda726fd2d87,380,Voltsillam330,67c8915e-ebbb-412c-b82f-62cf8f72b50f,bc5e972d-73e9-41c9-9c49-aa260e34a911,,
2d844454-46f7-47e8-9321-d33494a609a1,381,Voltsillam331,45870b0b-b77e-446b-beb8-a5061145444a,,,
6ce2af49-8787-4e7d-84f6-85432fae6c4f,382,Voltsillam332,0fcab1ac-1ddb-408a-8413-feb5ecfc5dc0,fb38bd1c-beeb-4527-8345-900900329c10,,
3dd03867-ead2-4f6c-aadf-9b7e33bba020,383,Voltsillam333,482591f1-33c8-4004-bc24-29931fc0c630,,,
eca57598-4287-4955-a793-9faf21ff875b,384,Voltsillam334,e21e24ea-2d60-4468-b410-133c51485402,,,
df30d4d2-66f3-4baf-b800-2c876e7ad703,385,Voltsillam335,45870b0b-b77e-446b-beb8-a5061145444a,,,
c180529b-8861-450b-aa4d-094dcfc0b118,386,Voltsillam336,45870b0b-b77e-446b-beb8-a5061145444a,bc5e972d-73e9-41c9-9c49-aa260e34a911,,
cfa3d0d7-6915-46b1-a789-a1bfa974b127,387,Voltsillam337,97f7c9fb-4d2f-4501-a4bf-f9c365815c20,,,
709b6fb3-cb3d-43ec-8507-6b05daa9ab01,388,Voltsillam338,45870b0b-b77e-446b-beb8-a5061145444a,b3606140-be7b-461a-88e7-06aa370a1510,,
08bfd011-4677-4a94-a1e7-18f423c52523,389,Voltsillam339,f676c99b-efe9-41c4-b047-1e004e867e66,,,
0c4072b7-a81e-4f4f-b7f7-f49f9fc8638e,390,Voltsillam340,701ee94a-083e-46bb-83b7-d95c3a4c9884,,,
d60bd7bc-73e5-42f5-bb2b-f7cd14ed5899,391,Voltsillam341,45870b0b-b77e-446b-beb8-a5061145444a,bc5e972d-73e9-41c9-9c49-aa260e34a911,,
557d33bd-de7a-4dd2-95f0-92dd1219b862,392,Voltsillam342,2937f02b-757e-4abf-a640-60e16e0bac19,fb38bd1c-beeb-4527-8345-900900329c10,,
12ed450d-c786-46d6-9027-b967e35e253d,393,Voltsillam343,67c8915e-ebbb-412c-b82f-62cf8f72b50f,fb38bd1c-beeb-4527-8345-900900329c10,,
52ce992f-f32e-45fa-ad66-ab7b0a179685,394,Voltsillam344,45870b0b-b77e-446b-beb8-a5061145444a,,,
df585e19-01ca-4434-b587-3b5f22e8a997,395,Voltsillam345,e6673cec-c79c-4111-b67c-9b31a1735e27,,,
b8afd37a-0682-4b05-bf52-1f60dac51cbc,396,Voltsillam346,a205764b-3998-4c89-afac-2bc9d737c8d3,,,
7af84d3e-0c11-4e24-923d-4219bfd2dd9d,397,Voltsillam347,6c0de27e-2705-4183-96fc-0905caa34dc2,fb38bd1c-beeb-4527-8345-900900329c10,,
15d2911d-6c50-441b-ad4b-a5e0054d3e96,398,Voltsillam348,0509f332-a77e-4bfc-921b-11c46a6bbfd2,bc5e972d-73e9-41c9-9c49-aa260e34a911,,
33710428-273d-4597-b6ca-af39a61d7cd6,399,Voltsillam349,b25bf57d-43ae-41be-8fa9-6335c6fbe161,,,
7298e139-84c5-4266-82c4-7c4a88b8d846,400,Voltsillam350,4774fc63-a0c8-4a29-a01d-5b6b48632175,,,
7aecc177-0d35-4b59-86df-2ca348bb8e9c,401,Voltsillam351,c62dea9b-6974-4101-ba39-b09914165967,b3606140-be7b-461a-88e7-06aa370a1510,,
3444d664-d284-43d2-ae06-6eb8b11e5c62,402,Voltsillam352,67c8915e-ebbb-412c-b82f-62cf8f72b50f,fb38bd1c-beeb-4527-8345-900900329c10,,
ea14e1e5-687a-490c-81e3-8b12367ebfca,403,Voltsillam353,5146de1c-f089-43ff-8016-3c9e8f36e014,bc5e972d-73e9-41c9-9c49-aa260e34a911,,
5df38626-13ed-4c16-9ec3-196ad82931b6,404,Voltsillam354,f676c99b-efe9-41c4-b047-1e004e867e66,b3606140-be7b-461a-88e7-06aa370a1510,,
e5635155-c3e6-4249-9ac8-3bbc23547d11,405,Voltsillam355,2937f02b-757e-4abf-a640-60e16e0bac19,,,
27944265-0e58-43c0-9ac9-f2a7c2601c30,406,Voltsillam356,e21e24ea-2d60-4468-b410-133c51485402,bc5e972d-73e9-41c9-9c49-aa260e34a911,,
bebe52c2-e3ff-4237-ad3d-4c71a4691ba8,407,Voltsillam357,4774fc63-a0c8-4a29-a01d-5b6b48632175,b3606140-be7b-461a-88e7-06aa370a1510,,
e37ce2b0-131f-41b4-8c35-fb224489cace,408,Voltsillam358,e6673cec-c79c-4111-b67c-9b31a1735e27,fb38bd1c-beeb-4527-8345-900900329c10,,
b608f9bc-5304-4a3b-96c5-57d337366c88,409,Voltsillam359,5146de1c-f089-43ff-8016-3c9e8f36e014,,,
01971875-1a29-4599-b3df-b4b5022a1d91,410,Voltsillam360,67c8915e-ebbb-412c-b82f-62cf8f72b50f,bc5e972d-73e9-41c9-9c49-aa260e34a911,,
6cba9872-d93a-497e-89b7-51974fa91cd1,411,Voltsillam361,5146de1c-f089-43ff-8016-3c9e8f36e014,b3606140-be7b-461a-88e7-06aa370a1510,,
22742748-d998-4cd4-b9a6-e3ba3f844621,412,Voltsillam362,6115591d-6e74-4b7f-9f80-f19e42494c99,,,
a2aba11a-2d74-4b52-9562-5c27001d967f,413,Voltsillam363,19a94b68-e613-4996-9bea-94313e9fa34d,bc5e972d-73e9-41c9-9c49-aa260e34a911,,
c6a2e325-f855-4cfa-b13c-64a20b3f87cd,414,Voltsillam364,7fc9bda8-ad8a-468d-8244-38e1918527d5,bc5e972d-73e9-41c9-9c49-aa260e34a911,,
6d606484-09c4-4110-a0d2-40c7b1078e63,415,Voltsillam365,249fbafc-e934-4068-8452-d92381299c40,,,
70991a39-2055-4145-b0f9-3f0f904cc1e8,416,Voltsillam366,c62dea9b-6974-4101-ba39-b09914165967,,,
84855a9b-763c-452a-8210-80b438d05f8b,417,Voltsillam367,e21e24ea-2d60-4468-b410-133c51485402,fb38bd1c-beeb-4527-8345-900900329c10,,
1ad795f6-fb0c-4a6f-b021-1d6ef662aa47,418,Voltsillam368,c62dea9b-6974-4101-ba39-b09914165967,fb38bd1c-beeb-4527-8345-900900329c10,,
41a65a64-b509-4166-9dfc-328c1c87c6f3,419,Voltsillam369,7fc9bda8-ad8a-468d-8244-38e1918527d5,,,
56f23c7b-f6a3-40f4-b0c4-f4365b1cee3b,420,Voltsillam370,c62dea9b-6974-4101-ba39-b09914165967,fb38bd1c-beeb-4527-8345-900900329c10,,
7b7dfa84-6f78-42ab-98d8-7fc35e27c1fc,421,Voltsillam371,e21e24ea-2d60-4468-b410-133c51485402,,,
05a9f2c5-704f-421e-a392-cfdbdbcd002d,422,Voltsillam372,c62dea9b-6974-4101-ba39-b09914165967,bc5e972d-73e9-41c9-9c49-aa260e34a911,,
df6bfaaa-63a9-42a8-8886-4f23c748d6ce,423,Voltsillam373,0898dcd6-53f2-41b6-ba7d-b2f5122ffb44,,,
3c7e47d8-5e39-4ce4-994c-0bf7e75479f4,424,Voltsillam374,0fcab1ac-1ddb-408a-8413-feb5ecfc5dc0,,,
9acd96cf-0658-4e38-b22d-0243f7dcb69a,425,Voltsillam375,7fc9bda8-ad8a-468d-8244-38e1918527d5,,,
c156481e-0db9-4ee7-8da5-9e78ba2760a5,426,Voltsillam376,67c8915e-ebbb-412c-b82f-62cf8f72b50f,fb38bd1c-beeb-4527-8345-900900329c10,,
1f2662c1-9118-4f9d-a3df-8de03ca08d72,427,Voltsillam377,701ee94a-083e-46bb-83b7-d95c3a4c9884,bc5e972d-73e9-41c9-9c49-aa260e34a911,,
e28e0f1f-faf0-4cd2-a1bc-870908021b87,428,Voltsillam378,e6673cec-c79c-4111-b67c-9b31a1735e27,,,
02daba78-cce0-440f-9a0e-cfa15b577f4c,429,Voltsillam379,249fbafc-e934-4068-8452-d92381299c40,,,
032779ef-4e2e-4d34-865d-fb8e08bcab43,430,Voltsillam380,701ee94a-083e-46bb-83b7-d95c3a4c9884,b3606140-be7b-461a-88e7-06aa370a1510,,
ca1dd6d7-ec7a-4f06-866e-dedc32dda5e9,431,Voltsillam381,c62dea9b-6974-4101-ba39-b09914165967,bc5e972d-73e9-41c9-9c49-aa260e34a911,,
2832f9e8-17fd-4db5-9732-4e756715d58f,432,Voltsillam382,97f7c9fb-4d2f-4501-a4bf-f9c365815c20,b3606140-be7b-461a-88e7-06aa370a1510,,
b5cd2c42-85db-458d-bea3-f992d5e166f7,433,Voltsillam383,4774fc63-a0c8-4a29-a01d-5b6b48632175,,,
9d962ab7-58c0-4322-b8eb-545418e57aeb,434,Voltsillam384,482591f1-33c8-4004-bc24-29931fc0c630,,,
c2d50b53-e0f7-4179-a20b-2bd746d20a26,435,Voltsillam385,5146de1c-f089-43ff-8016-3c9e8f36e014,,,
376cc45f-cb75-4980-9af6-8c65976c6d66,436,Voltsillam386,0898dcd6-53f2-41b6-ba7d-b2f5122ffb44,fb38bd1c-beeb-4527-8345-900900329c10,,
14f7060d-9783-4877-87ea-4d692fdc1954,437,Voltsillam387,19a94b68-e613-4996-9bea-94313e9fa34d,bc5e972d-73e9-41c9-9c49-aa260e34a911,,
7f773972-8b62-4600-87f0-42715d7067c5,438,Voltsillam388,f676c99b-efe9-41c4-b047-1e004e867e66,,,
007818ed-ca27-4802-9560-7526d9e27859,439,Voltsillam389,a205764b-3998-4c89-afac-2bc9d737c8d3,bc5e972d-73e9-41c9-9c49-aa260e34a911,,
7f358917-3e8c-487d-a120-e7a34e4abe6c,440,Voltsillam390,c62dea9b-6974-4101-ba39-b09914165967,,,
12e108f3-775d-4653-a243-b97d4057827e,441,Voltsillam391,c62dea9b-6974-4101-ba39-b09914165967,,,
074fd7e6-ba4b-48a9-b442-8249ebaf8d57,442,Voltsillam392,6c0de27e-2705-4183-96fc-0905caa34dc2,,,
7f3018e8-1998-4086-a7ff-3b74f8ec288b,443,Voltsillam393,c62dea9b-6974-4101-ba39-b09914165967,b3606140-be7b-461a-88e7-06aa370a1510,,
e31cae87-f539-4933-a39a-59bd08a08672,444,Voltsillam394,97f7c9fb-4d2f-4501-a4bf-f9c365815c20,bc5e972d-73e9-41c9-9c49-aa260e34a911,,
2f82beba-412f-47e3-820f-d3a5e4816b7b,445,Voltsillam395,701ee94a-083e-46bb-83b7-d95c3a4c9884,,,
440dd4f1-d562-4d04-8da3-4be388de9848,446,Voltsillam396,4774fc63-a0c8-4a29-a01d-5b6b48632175,fb38bd1c-beeb-4527-8345-900900329c10,,
d2adb59e-4f83-42a7-945b-0ca97112c48f,447,Voltsillam397,b25bf57d-43ae-41be-8fa9-6335c6fbe161,b3606140-be7b-461a-88e7-06aa370a1510,,
5a8e8e83-6649-4d3f-90e2-7958ecf339ee,448,Voltsillam398,5146de1c-f089-43ff-8016-3c9e8f36e014,bc5e972d-73e9-41c9-9c49-aa260e34a911,,
dc58b859-de23-4341-b0b3-85e5dae28460,449,Voltsillam399,20bbffa6-9556-4118-af24-4f9cf1f14778,fb38bd1c-beeb-4527-8345-900900329c10,,
ab57b3dc-6591-46b7-8688-d5bc57349138,450,Voltsillam400,19a94b68-e613-4996-9bea-94313e9fa34d,,,
607457ec-f187-45b1-88b9-4698e0e0eb50,451,Voltsillam401,19a94b68-e613-4996-9bea-94313e9fa34d,,,
c5acf175-19df-4e9e-ab33-b964baee6ebd,452,Voltsillam402,c62dea9b-6974-4101-ba39-b09914165967,fb38bd1c-beeb-4527-8345-900900329c10,,
45318ce6-2a39-4c2c-b0a8-370c65f4dde5,453,Voltsillam403,7fc9bda8-ad8a-468d-8244-38e1918527d5,,,
dcd13d01-40a2-4103-97e9-eb4a624b36bf,454,Voltsillam404,c62dea9b-6974-4101-ba39-b09914165967,bc5e972d-73e9-41c9-9c49-aa260e34a911,,
810c429d-1647-4e40-aee0-7e2883cf8f51,455,Voltsillam405,b49d774b-96c0-46c9-a77a-92b463c85398,bc5e972d-73e9-41c9-9c49-aa260e34a911,,
f7d2d178-b693-490a-8c1b-0fac1d6c089f,456,Voltsillam406,97f7c9fb-4d2f-4501-a4bf-f9c365815c20,fb38bd1c-beeb-4527-8345-900900329c10,,
75d61515-9bd3-4f92-8b7e-a7542b32fd49,457,Voltsillam407,249fbafc-e934-4068-8452-d92381299c40,,,
dcea490a-11e5-4c1e-8ea1-2f109f37ab3e,458,Voltsillam408,e21e24ea-2d60-4468-b410-133c51485402,fb38bd1c-beeb-4527-8345-900900329c10,,
1bab45d7-df4a-4dee-a89e-05bf287ff5e7,459,Voltsillam409,58d9a145-218a-43bb-b669-bf29589c2512,,,
6af1cb87-757c-48fd-b856-3c2253abf2b5,460,Voltsillam410,67c8915e-ebbb-412c-b82f-62cf8f72b50f,b3606140-be7b-461a-88e7-06aa370a1510,,
62ee7e21-aa34-4bc1-b9d7-516a860a5e6d,461,Voltsillam411,7fc9bda8-ad8a-468d-8244-38e1918527d5,bc5e972d-73e9-41c9-9c49-aa260e34a911,,
cdc14130-7bdb-4d7f-ab84-1e701bc2f6c4,462,Voltsillam412,e6673cec-c79c-4111-b67c-9b31a1735e27,bc5e972d-73e9-41c9-9c49-aa260e34a911,,
8712fbad-0681-4d1d-a2a6-44f5b31a435a,463,Voltsillam413,45870b0b-b77e-446b-beb8-a5061145444a,bc5e972d-73e9-41c9-9c49-aa260e34a911,,
3695825e-5ed9-4d4b-bf3a-84a5482dd390,464,Voltsillam414,2937f02b-757e-4abf-a640-60e16e0bac19,,,
37055fa7-ecaa-4907-85b3-76ca7477f152,465,Voltsillam415,249fbafc-e934-4068-8452-d92381299c40,bc5e972d-73e9-41c9-9c49-aa260e34a911,,
9f38952a-8081-481b-8629-a699258b9221,466,Voltsillam416,f676c99b-efe9-41c4-b047-1e004e867e66,fb38bd1c-beeb-4527-8345-900900329c10,,
629f457d-961a-4de7-9628-ac81c86d8508,467,Voltsillam417,4774fc63-a0c8-4a29-a01d-5b6b48632175,,,
906a859a-bc64-4539-bc64-1a06a464365d,468,Voltsillam418,97f7c9fb-4d2f-4501-a4bf-f9c365815c20,,,
685ff07e-2670-4a03-a348-530dd803e0cb,469,Voltsillam419,f676c99b-efe9-41c4-b047-1e004e867e66,bc5e972d-73e9-41c9-9c49-aa260e34a911,,
9454f2d9-d2d7-4c54-a198-e40a0121a95d,470,Voltsillam420,e21e24ea-2d60-4468-b410-133c51485402,b3606140-be7b-461a-88e7-06aa370a1510,,
1f7acf3c-5a4d-45c8-aec2-545c260e9479,471,Voltsillam421,67c8915e-ebbb-412c-b82f-62cf8f72b50f,bc5e972d-73e9-41c9-9c49-aa260e34a911,,
1ce2e8d7-a3db-46b1-b914-8f04ff0f9e2a,472,Voltsillam422,6115591d-6e74-4b7f-9f80-f19e42494c99,,,
ff3be9ab-a535-42f7-b760-1cc8d008a4ae,473,Voltsillam423,6c0de27e-2705-4183-96fc-0905caa34dc2,,,
7746b725-2353-45ad-be44-ac875f91dfaf,474,Voltsillam424,701ee94a-083e-46bb-83b7-d95c3a4c9884,,,
da4c364e-4e78-41e5-898b-7e9275f477aa,475,Voltsillam425,0fcab1ac-1ddb-408a-8413-feb5ecfc5dc0,,,
670de486-b52f-497b-a988-12ab74a92bd7,476,Voltsillam426,45870b0b-b77e-446b-beb8-a5061145444a,fb38bd1c-beeb-4527-8345-900900329c10,,
c27a0562-2b47-4ed6-8059-eb8e910d7052,477,Voltsillam427,249fbafc-e934-4068-8452-d92381299c40,bc5e972d-73e9-41c9-9c49-aa260e34a911,,
86e004e6-d28f-4825-9a81-883946f0082d,478,Sonsing1,6c0de27e-2705-4183-96fc-0905caa34dc2,,,
193454b8-9cbb-4325-b60c-1dd9f6f482d7,479,Redhold4,0509f332-a77e-4bfc-921b-11c46a6bbfd2,,,
a6676af8-0718-4b8e-ab7d-50aa09aa9f9e,480,Subin1,a205764b-3998-4c89-afac-2bc9d737c8d3,b3606140-be7b-461a-88e7-06aa370a1510,,
6b30e474-5838-4096-9543-0c035eae3140,481,Greenlam1,0fcab1ac-1ddb-408a-8413-feb5ecfc5dc0,bc5e972d-73e9-41c9-9c49-aa260e34a911,,
d1f39746-1fd8-4095-b827-8d08c961a788,482,Tampflex1,f676c99b-efe9-41c4-b047-1e004e867e66,,,
82c4585a-f736-4b1e-8d50-c3b49a282720,483,Redhold3,4774fc63-a0c8-4a29-a01d-5b6b48632175,,,
d2753ff9-f19c-441b-b265-73d14f91a63b,484,Solarbreeze1,20bbffa6-9556-4118-af24-4f9cf1f14778,,,
84757335-9d67-4982-9263-640dbcdf636f,485,Bamity1,2937f02b-757e-4abf-a640-60e16e0bac19,,,
8d939047-5280-4e91-b21c-9f712404668b,486,Zathin2,97f7c9fb-4d2f-4501-a4bf-f9c365815c20,bc5e972d-73e9-41c9-9c49-aa260e34a911,,
594407ca-ac86-4630-8019-4a60536229ad,487,Redhold1,97f7c9fb-4d2f-4501-a4bf-f9c365815c20,,,
3f7d098d-ce23-4a74-a10f-4be79ff5ba52,488,Prodder2,67c8915e-ebbb-412c-b82f-62cf8f72b50f,bc5e972d-73e9-41c9-9c49-aa260e34a911,,
6abf80ea-03c2-4da5-b238-d84c09da6146,489,Zaam-Dox2,b49d774b-96c0-46c9-a77a-92b463c85398,bc5e972d-73e9-41c9-9c49-aa260e34a911,,
a5ecedb4-4c82-4331-9792-b873e688f335,490,Redhold2,58d9a145-218a-43bb-b669-bf29589c2512,,,
f3f84168-efd7-4463-acab-62285b7f6348,491,Regrant1,701ee94a-083e-46bb-83b7-d95c3a4c9884,bc5e972d-73e9-41c9-9c49-aa260e34a911,,
e655e62a-4a16-47c2-9f3f-a8b2381031a9,492,Domainer1,e21e24ea-2d60-4468-b410-133c51485402,,,
21467be0-d148-42ea-ac9e-9e42dc446cb1,493,Lotstring1,a205764b-3998-4c89-afac-2bc9d737c8d3,,,
46d7f77c-a59c-4c42-8f0f-dc2fa4b0fb6e,494,Stronghold1,a205764b-3998-4c89-afac-2bc9d737c8d3,,,
be14cbe7-a6ac-4121-83e0-0eaa06595b7b,495,Regrant2,0fcab1ac-1ddb-408a-8413-feb5ecfc5dc0,bc5e972d-73e9-41c9-9c49-aa260e34a911,,
db941961-4f33-4ff8-97e2-086a78b1d3c9,496,Treeflex1,0fcab1ac-1ddb-408a-8413-feb5ecfc5dc0,bc5e972d-73e9-41c9-9c49-aa260e34a911,,
db2c4b9d-210e-48bb-aa2a-2c1701d87477,497,Zathin1,20bbffa6-9556-4118-af24-4f9cf1f14778,,,
7c3eec75-5127-4c49-8c00-582e98ee3012,498,Namfix1,701ee94a-083e-46bb-83b7-d95c3a4c9884,,,
e3d40963-b70d-4662-ad1b-1e3d441f4f92,499,Aerified1,58d9a145-218a-43bb-b669-bf29589c2512,b3606140-be7b-461a-88e7-06aa370a1510,,
d57f29a3-a1ea-40ae-bc10-5e8a7ecf328a,500,Zaam-Dox1,45870b0b-b77e-446b-beb8-a5061145444a,,,