id,name,startdate,enddate,processingscheduleid,extradata
516ac930-0d28-49f5-a178-64764e22b236,Jan2017,2017-01-01,2017-01-31,9c15bd6e-3f6b-4b91-b53a-36c199d35eac,
04ec3c83-a086-4792-b7a3-c46559b7f6cd,Feb2017,2017-02-01,2017-02-28,9c15bd6e-3f6b-4b91-b53a-36c199d35eac,
61694e82-1be6-40a4-9aaa-bfbb720a0d7d,Mar2017,2017-03-01,2017-03-31,9c15bd6e-3f6b-4b91-b53a-36c199d35eac,
c9287c65-67fa-4958-adb6-52069f2b1379,Apr2017,2017-04-01,2017-04-30,9c15bd6e-3f6b-4b91-b53a-36c199d35eac,
2d490229-02f8-4235-9be4-1443fd8f7b4f,May2017,2017-05-01,2017-05-31,9c15bd6e-3f6b-4b91-b53a-36c199d35eac,
a91dfbdf-0d9b-4cb1-9d46-0a47b17d22d0,Jun2017,2017-06-01,2017-06-30,9c15bd6e-3f6b-4b91-b53a-36c199d35eac,
f55d9dda-d440-40c0-a793-914e0fe1f579,Jul2017,2017-07-01,2017-07-31,9c15bd6e-3f6b-4b91-b53a-36c199d35eac,
ecd6c3c8-f80c-4c4e-af9a-d0529b55424a,Aug2017,2017-08-01,2017-08-31,9c15bd6e-3f6b-4b91-b53a-36c199d35eac,
c08e1295-793f-4550-933b-571e117f15d9,Sep2017,2017-09-01,2017-09-30,9c15bd6e-3f6b-4b91-b53a-36c199d35eac,
2a9fddb6-5dd3-4dde-81f3-c19629257986,Oct2017,2017-10-01,2017-10-31,9c15bd6e-3f6b-4b91-b53a-36c199d35eac,
1f3c89b2-13e4-4a72-9ef2-228302cc5a25,Nov2017,2017-11-01,2017-11-30,9c15bd6e-3f6b-4b91-b53a-36c199d35eac,
96da0fc3-28fd-4a3f-87a8-b5cdb175c45a,Dec2017,2017-12-01,2017-12-31,9c15bd6e-3f6b-4b91-b53a-36c199d35eac,
0e64442e-fbbe-4a25-9062-fb137040fa63,Jan2018,2018-01-01,2018-01-31,9c15bd6e-3f6b-4b91-b53a-36c199d35eac,
af437fc4-ca09-4f02-9ab8-095032f1109b,Feb2018,2018-02-01,2018-02-28,9c15bd6e-3f6b-4b91-b53a-36c199d35eac,
2ad974da-3037-4d34-b383-202176b2e13c,Mar2018,2018-03-01,2018-03-31,9c15bd6e-3f6b-4b91-b53a-36c199d35eac,
c0f0f055-8b50-4709-a02d-d6cc1850bd14,Apr2018,2018-04-01,2018-04-30,9c15bd6e-3f6b-4b91-b53a-36c199d35eac,
6be40568-80ff-47a0-9f14-db7c51fedce1,May2018,2018-05-01,2018-05-31,9c15bd6e-3f6b-4b91-b53a-36c199d35eac,
f23ce0ab-2ebd-4d19-ba6e-aa9bdd34093b,Jun2018,2018-06-01,2018-06-30,9c15bd6e-3f6b-4b91-b53a-36c199d35eac,
be8f5943-884a-4ca6-b722-5b37acde7b3f,Jul2018,2018-07-01,2018-07-31,9c15bd6e-3f6b-4b91-b53a-36c199d35eac,
23df650a-c3b7-46f0-ad57-b6ef40277c62,Aug2018,2018-08-01,2018-08-31,9c15bd6e-3f6b-4b91-b53a-36c199d35eac,
2518c3f5-4fdc-4b0f-a5f6-c4f78a9d9526,Sep2018,2018-09-01,2018-09-30,9c15bd6e-3f6b-4b91-b53a-36c199d35eac,
5472fed7-ca2d-40ff-8252-9d66910b61a5,Oct2018,2018-10-01,2018-10-31,9c15bd6e-3f6b-4b91-b53a-36c199d35eac,
ae3b0c21-71b6-4edd-9141-657da14d4345,Nov2018,2018-11-01,2018-11-30,9c15bd6e-3f6b-4b91-b53a-36c199d35eac,
ee960601-b2ba-453f-9bb2-ffee336b5634,Dec2018,2018-12-01,2018-12-31,9c15bd6e-3f6b-4b91-b53a-36c199d35eac,
f419bcd8-ac7a-4b75-8c84-c065ef437938,2017Q1,2017-01-01,2017-03-31,057921bd-1841-4748-8523-dbe5ebb58368,
c5012ddf-b145-4eee-9640-b2cbf4f2da85,2017Q2,2017-04-01,2017-06-30,057921bd-1841-4748-8523-dbe5ebb58368,
65671374-66e2-4a11-a7dc-05b645c6d815,2017Q3,2017-07-01,2017-09-30,057921bd-1841-4748-8523-dbe5ebb58368,
7880be4f-6582-472a-9ea5-a6baed71e6e5,2017Q4,2017-10-01,2017-12-31,057921bd-1841-4748-8523-dbe5ebb58368,
baf98c9a-408b-4e9e-b56a-38640c7dfed6,2018Q1,2018-01-01,2018-03-31,057921bd-1841-4748-8523-dbe5ebb58368,
a4eefb4e-2bb6-4793-9f70-2cc5365de7c6,2018Q2,2018-04-01,2018-06-30,057921bd-1841-4748-8523-dbe5ebb58368,
f2cecbc4-c6cc-48ca-b4e7-11e69238b386,2018Q3,2018-07-01,2018-09-30,057921bd-1841-4748-8523-dbe5ebb58368,
8d870ab0-a8d5-11e7-abc4-cec278b6b50a,2018Q4,2018-10-01,2018-12-31,057921bd-1841-4748-8523-dbe5ebb58368,
dcbb1203-c15a-4be8-b8ca-3e043536de6e,Jan2019,2019-01-01,2019-01-31,9c15bd6e-3f6b-4b91-b53a-36c199d35eac,
23aa3256-703c-4f53-ad98-1de39e0e6c46,Feb2019,2019-02-01,2019-02-28,9c15bd6e-3f6b-4b91-b53a-36c199d35eac,
e577b8af-c27c-4830-b73f-3f7b5221ddc1,Mar2019,2019-03-01,2019-03-31,9c15bd6e-3f6b-4b91-b53a-36c199d35eac,
21b5eafc-41c4-4fd6-ac11-0683e3cc016c,Apr2019,2019-04-01,2019-04-30,9c15bd6e-3f6b-4b91-b53a-36c199d35eac,
ab16ac4a-55cf-4b02-b881-639bb2ece3d8,May2019,2019-05-01,2019-05-31,9c15bd6e-3f6b-4b91-b53a-36c199d35eac,
c60aa15c-7b90-4040-9f7b-b79d270d6c48,Jun2019,2019-06-01,2019-06-30,9c15bd6e-3f6b-4b91-b53a-36c199d35eac,
d5d9585e-9efc-488f-bb88-df5cf60b1681,Jul2019,2019-07-01,2019-07-31,9c15bd6e-3f6b-4b91-b53a-36c199d35eac,
efc1d46a-1c29-42d0-9a8e-6d61e1eeebf9,Aug2019,2019-08-01,2019-08-31,9c15bd6e-3f6b-4b91-b53a-36c199d35eac,
0c7ac23c-a373-4b48-8ea9-4e662ae72c9c,Sep2019,2019-09-01,2019-09-30,9c15bd6e-3f6b-4b91-b53a-36c199d35eac,
ae480374-875a-46cf-95f3-fe7d10b0b790,Oct2019,2019-10-01,2019-10-31,9c15bd6e-3f6b-4b91-b53a-36c199d35eac,
492df2e6-bdd7-4431-9b91-7e3a8dd1611c,Nov2019,2019-11-01,2019-11-30,9c15bd6e-3f6b-4b91-b53a-36c199d35eac,
4b5ad152-bc47-40bf-aa0d-811c19226724,Dec2019,2019-12-01,2019-12-31,9c15bd6e-3f6b-4b91-b53a-36c199d35eac,
28afe2e6-798b-4e5f-8ab5-04382d7c573c,Jan2020,2020-01-01,2020-01-31,9c15bd6e-3f6b-4b91-b53a-36c199d35eac,
270fccf9-a0fc-459d-b867-beb1f1c80936,Feb2020,2020-02-01,2020-02-29,9c15bd6e-3f6b-4b91-b53a-36c199d35eac,
9447dff1-0aa6-4949-9bc2-b0f41a5b7ba3,Mar2020,2020-03-01,2020-03-31,9c15bd6e-3f6b-4b91-b53a-36c199d35eac,
eabcc6d1-5b39-4381-9e66-a0d85624ff2b,Apr2020,2020-04-01,2020-04-30,9c15bd6e-3f6b-4b91-b53a-36c199d35eac,
337d0235-97d9-4831-97c5-d4d7b9c36204,May2020,2020-05-01,2020-05-31,9c15bd6e-3f6b-4b91-b53a-36c199d35eac,
db59c45c-cb60-4866-bb91-ba6d12353fa1,Jun2020,2020-06-01,2020-06-30,9c15bd6e-3f6b-4b91-b53a-36c199d35eac,
297ad4c3-f002-49b1-b818-dbb375bec677,Jul2020,2020-07-01,2020-07-31,9c15bd6e-3f6b-4b91-b53a-36c199d35eac,
494b6dba-ea49-475b-9121-381f82bc71b5,Aug2020,2020-08-01,2020-08-31,9c15bd6e-3f6b-4b91-b53a-36c199d35eac,
cf894d9f-ba62-40f2-b6d2-e8df59636f4b,Sep2020,2020-09-01,2020-09-30,9c15bd6e-3f6b-4b91-b53a-36c199d35eac,
b2e8a02a-586c-45c3-b741-34a90570a4cc,Oct2020,2020-10-01,2020-10-31,9c15bd6e-3f6b-4b91-b53a-36c199d35eac,
6f94992f-423c-4f73-b426-3a403832ff8b,Nov2020,2020-11-01,2020-11-30,9c15bd6e-3f6b-4b91-b53a-36c199d35eac,
2e956df4-b387-48b3-b010-a4f70571d0e8,Dec2020,2020-12-01,2020-12-31,9c15bd6e-3f6b-4b91-b53a-36c199d35eac,
03e4c3a9-8dd1-401e-b78e-033e2cdc846f,Jan2021,2021-01-01,2021-01-31,9c15bd6e-3f6b-4b91-b53a-36c199d35eac,
c029d195-7b75-46d2-8599-9f642102b585,Feb2021,2021-02-01,2021-02-28,9c15bd6e-3f6b-4b91-b53a-36c199d35eac,
b5210769-3633-470e-a5c8-754f93af745b,Mar2021,2021-03-01,2021-03-31,9c15bd6e-3f6b-4b91-b53a-36c199d35eac,
ddd00e14-2adc-4914-b031-fb918c7d87f1,Apr2021,2021-04-01,2021-04-30,9c15bd6e-3f6b-4b91-b53a-36c199d35eac,
38e97ed3-c782-4476-b409-5c1d4656d3ac,May2021,2021-05-01,2021-05-31,9c15bd6e-3f6b-4b91-b53a-36c199d35eac,
73226e86-9a24-4511-b8c0-a51d3e9ff241,Jun2021,2021-06-01,2021-06-30,9c15bd6e-3f6b-4b91-b53a-36c199d35eac,
eea60cf2-0460-47b9-8d72-4e510faf594f,Jul2021,2021-07-01,2021-07-31,9c15bd6e-3f6b-4b91-b53a-36c199d35eac,
0f459b37-4a88-4866-a7b4-270cd824a6e1,Aug2021,2021-08-01,2021-08-31,9c15bd6e-3f6b-4b91-b53a-36c199d35eac,
625a085f-2b58-404d-98d4-8ea9b7ccfe74,Sep2021,2021-09-01,2021-09-30,9c15bd6e-3f6b-4b91-b53a-36c199d35eac,
e5708a1a-82d9-472d-8f86-09a826f549ca,Oct2021,2021-10-01,2021-10-31,9c15bd6e-3f6b-4b91-b53a-36c199d35eac,
e93de4cb-c332-4623-8985-985df5581d7e,Nov2021,2021-11-01,2021-11-30,9c15bd6e-3f6b-4b91-b53a-36c199d35eac,
5ed1085a-f7ef-48a6-856a-9c0edf899bdc,Dec2021,2021-12-01,2021-12-31,9c15bd6e-3f6b-4b91-b53a-36c199d35eac,
4333690d-81a6-4463-a32b-2f4d62827496,Jan2022,2022-01-01,2022-01-31,9c15bd6e-3f6b-4b91-b53a-36c199d35eac,
e8261bac-1b22-4604-8878-55406aaf3bec,Feb2022,2022-02-01,2022-02-28,9c15bd6e-3f6b-4b91-b53a-36c199d35eac,
5c7dd5d8-191c-4ed3-a1a7-e1596bbf7696,Mar2022,2022-03-01,2022-03-31,9c15bd6e-3f6b-4b91-b53a-36c199d35eac,
c48d4de6-1449-45db-b22e-be3e06ffe339,Apr2022,2022-04-01,2022-04-30,9c15bd6e-3f6b-4b91-b53a-36c199d35eac,
8f60f4c6-5da6-4d73-ba37-05257713c896,May2022,2022-05-01,2022-05-31,9c15bd6e-3f6b-4b91-b53a-36c199d35eac,
a763cd6a-ec42-46b7-a061-213d5fcdec39,Jun2022,2022-06-01,2022-06-30,9c15bd6e-3f6b-4b91-b53a-36c199d35eac,
3cf7bd7e-a55e-4e57-b4dd-abf48a95c424,Jul2022,2022-07-01,2022-07-31,9c15bd6e-3f6b-4b91-b53a-36c199d35eac,
384f77fb-dafd-494b-9835-2fd816cb66d4,Aug2022,2022-08-01,2022-08-31,9c15bd6e-3f6b-4b91-b53a-36c199d35eac,
9ca1a883-c3aa-4a4d-989b-c6d2a93dc48e,Sep2022,2022-09-01,2022-09-30,9c15bd6e-3f6b-4b91-b53a-36c199d35eac,
915324b6-f406-422e-9c98-e44e998cd447,Oct2022,2022-10-01,2022-10-31,9c15bd6e-3f6b-4b91-b53a-36c199d35eac,
2f36ce31-cfb6-47fa-a960-54e84b9f0365,Nov2022,2022-11-01,2022-11-30,9c15bd6e-3f6b-4b91-b53a-36c199d35eac,
30138d91-587d-413d-9a9b-506f5ba7d2d6,Dec2022,2022-12-01,2022-12-31,9c15bd6e-3f6b-4b91-b53a-36c199d35eac,
2cacb2a3-8171-4cce-a4c9-4ccc80ceb0ef,Jan2023,2023-01-01,2023-01-31,9c15bd6e-3f6b-4b91-b53a-36c199d35eac,
6ad4be17-b43a-4b00-883c-090dd04aa763,Feb2023,2023-02-01,2023-02-28,9c15bd6e-3f6b-4b91-b53a-36c199d35eac,
1caf2253-8269-4bd1-b773-052d202e7194,Mar2023,2023-03-01,2023-03-31,9c15bd6e-3f6b-4b91-b53a-36c199d35eac,
2e82a7c2-afa6-4d1a-a704-c10aee9c8ea0,Apr2023,2023-04-01,2023-04-30,9c15bd6e-3f6b-4b91-b53a-36c199d35eac,
98f280a6-753a-421b-b52c-d65a89bcfe02,May2023,2023-05-01,2023-05-31,9c15bd6e-3f6b-4b91-b53a-36c199d35eac,
025f0f6a-f999-45ff-9ac5-b5ac50ba02a9,Jun2023,2023-06-01,2023-06-30,9c15bd6e-3f6b-4b91-b53a-36c199d35eac,
7050cad1-13f0-499a-9cde-79f516f0fdc2,Jul2023,2023-07-01,2023-07-31,9c15bd6e-3f6b-4b91-b53a-36c199d35eac,
9d8d0977-925a-4635-b035-8d8e7a011758,Aug2023,2023-08-01,2023-08-31,9c15bd6e-3f6b-4b91-b53a-36c199d35eac,
b70376f0-5fd3-4029-bf75-f0746c19f4ec,Sep2023,2023-09-01,2023-09-30,9c15bd6e-3f6b-4b91-b53a-36c199d35eac,
8c659214-50d8-4996-b6da-6f0223d65757,Oct2023,2023-10-01,2023-10-31,9c15bd6e-3f6b-4b91-b53a-36c199d35eac,
56425200-0d2b-4ddf-a6ee-a0c64836b87c,Nov2023,2023-11-01,2023-11-30,9c15bd6e-3f6b-4b91-b53a-36c199d35eac,
0374b408-b351-4334-a48b-6789cd0724e5,Dec2023,2023-12-01,2023-12-31,9c15bd6e-3f6b-4b91-b53a-36c199d35eac,
55b4ef00-5ee1-4029-96a9-04560c15aa4d,Jan2024,2024-01-01,2024-01-31,9c15bd6e-3f6b-4b91-b53a-36c199d35eac,
d7d0f101-d16d-4c21-a026-3060734e2cea,Feb2024,2024-02-01,2024-02-29,9c15bd6e-3f6b-4b91-b53a-36c199d35eac,
a71953b3-d688-414f-addb-f7bbdf2e8b8a,Mar2024,2024-03-01,2024-03-31,9c15bd6e-3f6b-4b91-b53a-36c199d35eac,
2ab5bc1d-5b19-4f6f-8b5d-fe9f99265151,Apr2024,2024-04-01,2024-04-30,9c15bd6e-3f6b-4b91-b53a-36c199d35eac,
c926632a-8629-480a-af2a-eaa19bf1b1f4,May2024,2024-05-01,2024-05-31,9c15bd6e-3f6b-4b91-b53a-36c199d35eac,
0275e43d-af04-4fde-bd8f-573f094b64d9,Jun2024,2024-06-01,2024-06-30,9c15bd6e-3f6b-4b91-b53a-36c199d35eac,
58c24906-d22e-4fc2-b433-a17e78893ef3,Jul2024,2024-07-01,2024-07-31,9c15bd6e-3f6b-4b91-b53a-36c199d35eac,
c8416c28-f185-439a-9270-b81c3fbcac60,Aug2024,2024-08-01,2024-08-31,9c15bd6e-3f6b-4b91-b53a-36c199d35eac,
b622324f-5bd4-41b4-83e3-fd1e1384fc54,Sep2024,2024-09-01,2024-09-30,9c15bd6e-3f6b-4b91-b53a-36c199d35eac,
bf6198dc-1cfa-4300-91ed-64dc99aba847,Oct2024,2024-10-01,2024-10-31,9c15bd6e-3f6b-4b91-b53a-36c199d35eac,
7202e35a-6870-46a6-86ba-7f58907d09b5,Nov2024,2024-11-01,2024-11-30,9c15bd6e-3f6b-4b91-b53a-36c199d35eac,
ee99fe64-fde6-4031-bb29-08a0d020b50d,Dec2024,2024-12-01,2024-12-31,9c15bd6e-3f6b-4b91-b53a-36c199d35eac,
d73d9ec4-9a14-4401-827f-062994a92034,Jan2025,2025-01-01,2025-01-31,9c15bd6e-3f6b-4b91-b53a-36c199d35eac,
1f573819-4951-43d3-b611-53e2901f5a8b,Feb2025,2025-02-01,2025-02-28,9c15bd6e-3f6b-4b91-b53a-36c199d35eac,
f8cbe5fa-7304-40a0-bd17-8e588f31285d,Mar2025,2025-03-01,2025-03-31,9c15bd6e-3f6b-4b91-b53a-36c199d35eac,
99b62e3c-2458-49d1-935f-2873aca574c3,Apr2025,2025-04-01,2025-04-30,9c15bd6e-3f6b-4b91-b53a-36c199d35eac,
64958730-6581-4d6e-809f-d396c2100839,May2025,2025-05-01,2025-05-31,9c15bd6e-3f6b-4b91-b53a-36c199d35eac,
133e016b-87eb-46b9-b8fa-ef1a03ef5718,Jun2025,2025-06-01,2025-06-30,9c15bd6e-3f6b-4b91-b53a-36c199d35eac,
2088ebe9-a021-4330-b718-4cc752f4337b,Jul2025,2025-07-01,2025-07-31,9c15bd6e-3f6b-4b91-b53a-36c199d35eac,
59ad96d9-0daa-4649-bb6e-dcb841c54ede,Aug2025,2025-08-01,2025-08-31,9c15bd6e-3f6b-4b91-b53a-36c199d35eac,
ef7a20fa-b67c-4322-9693-1a251aad6273,Sep2025,2025-09-01,2025-09-30,9c15bd6e-3f6b-4b91-b53a-36c199d35eac,
75a2b087-1b67-4c20-8c9d-47ff86953724,Oct2025,2025-10-01,2025-10-31,9c15bd6e-3f6b-4b91-b53a-36c199d35eac,
b5e986ba-8ff3-41bd-a87c-7fc1c59f3ab0,Nov2025,2025-11-01,2025-11-30,9c15bd6e-3f6b-4b91-b53a-36c199d35eac,
aed04b00-62d4-4532-af91-359f7f2094e6,Dec2025,2025-12-01,2025-12-31,9c15bd6e-3f6b-4b91-b53a-36c199d35eac,
b4fbe422-2565-4fa9-a8cb-d1f132fa5a25,2019Q1,2019-01-01,2019-03-31,057921bd-1841-4748-8523-dbe5ebb58368,
a7ebceee-3c7e-4769-b9ef-808f7a78fe21,2019Q2,2019-04-01,2019-06-30,057921bd-1841-4748-8523-dbe5ebb58368,
0a01f934-39cd-4c36-b051-6694e0471c59,2019Q3,2019-07-01,2019-09-30,057921bd-1841-4748-8523-dbe5ebb58368,
a6635f7f-cba5-40eb-812f-90dfd254a931,2019Q4,2019-10-01,2019-12-31,057921bd-1841-4748-8523-dbe5ebb58368,
f05df929-a12f-409c-8993-76b4b8590f60,2020Q1,2020-01-01,2020-03-31,057921bd-1841-4748-8523-dbe5ebb58368,
c5faeba1-bb0c-47c6-903c-6adf9b3b66a7,2020Q2,2020-04-01,2020-06-30,057921bd-1841-4748-8523-dbe5ebb58368,
c1e53a9b-84dc-4cd7-b94a-c0cfba40cec4,2020Q3,2020-07-01,2020-09-30,057921bd-1841-4748-8523-dbe5ebb58368,
1eb63509-0f1b-4ec5-b3f5-e72a904f394c,2020Q4,2020-10-01,2020-12-31,057921bd-1841-4748-8523-dbe5ebb58368,
af0cb86d-752f-40cf-819b-6e2b4ba4e4c8,2021Q1,2021-01-01,2021-03-31,057921bd-1841-4748-8523-dbe5ebb58368,
b835c139-b1d7-43b4-8c09-4326afa815bb,2021Q2,2021-04-01,2021-06-30,057921bd-1841-4748-8523-dbe5ebb58368,
b7bd5ba2-ab4a-4599-9d64-9b60258314d1,2021Q3,2021-07-01,2021-09-30,057921bd-1841-4748-8523-dbe5ebb58368,
10dc6344-f173-4b9f-9cf9-12775f432274,2021Q4,2021-10-01,2021-12-31,057921bd-1841-4748-8523-dbe5ebb58368,
ff0a6968-96b7-4282-9355-3f2d4a314d6f,2022Q1,2022-01-01,2022-03-31,057921bd-1841-4748-8523-dbe5ebb58368,
2abd6381-110d-4057-b0cf-9ec5ed33f9a2,2022Q2,2022-04-01,2022-06-30,057921bd-1841-4748-8523-dbe5ebb58368,
d2015d0a-5534-4448-91af-9cb199749bb7,2022Q3,2022-07-01,2022-09-30,057921bd-1841-4748-8523-dbe5ebb58368,
935cf10c-8332-4a0d-8528-d7b57d994fb2,2022Q4,2022-10-01,2022-12-31,057921bd-1841-4748-8523-dbe5ebb58368,
e39fb39a-fdb3-4b91-a2d8-f3264718fadc,2023Q1,2023-01-01,2023-03-31,057921bd-1841-4748-8523-dbe5ebb58368,
88cbbe14-6ed1-41f7-89ff-116670df38ea,2023Q2,2023-04-01,2023-06-30,057921bd-1841-4748-8523-dbe5ebb58368,
55656d73-4356-4e3b-b045-a29d7d1ad0e1,2023Q3,2023-07-01,2023-09-30,057921bd-1841-4748-8523-dbe5ebb58368,
14fe36c0-3990-4d68-9f8b-db97c4cf1add,2023Q4,2023-10-01,2023-12-31,057921bd-1841-4748-8523-dbe5ebb58368,
6a816afd-0446-4a7d-9771-097a140b5244,2024Q1,2024-01-01,2024-03-31,057921bd-1841-4748-8523-dbe5ebb58368,
4de30498-053b-4fdf-b6c5-939781f7bb3f,2024Q2,2024-04-01,2024-06-30,057921bd-1841-4748-8523-dbe5ebb58368,
96386bf0-e52e-40cc-9488-e800db4346d6,2024Q3,2024-07-01,2024-09-30,057921bd-1841-4748-8523-dbe5ebb58368,
a26874c4-e2aa-4bd1-bb47-25a1329c5d98,2024Q4,2024-10-01,2024-12-31,057921bd-1841-4748-8523-dbe5ebb58368,
5bebcc73-70cf-4ab4-9f0d-b61b72523aab,2025Q1,2025-01-01,2025-03-31,057921bd-1841-4748-8523-dbe5ebb58368,
838bcacf-aabf-4130-8aab-9a3c1a63f7bf,2025Q2,2025-04-01,2025-06-30,057921bd-1841-4748-8523-dbe5ebb58368,
a7b70a20-cb26-4ee9-ac2b-9cb0599e2a53,2025Q3,2025-07-01,2025-09-30,057921bd-1841-4748-8523-dbe5ebb58368,
445a3237-a782-4d57-a2d4-d89f87492397,2025Q4,2025-10-01,2025-12-31,057921bd-1841-4748-8523-dbe5ebb58368,
bc1c47bc-3f29-4504-af07-ebbc44040a55,Jan2018,2018-01-01,2018-01-31,d036a3bc-865a-402b-972e-96e0695bf8ce,"{""reportOnly"":""false""}"
906a53c6-e76c-4237-9a7d-344e7a6bdd04,Feb2018,2018-02-01,2018-02-28,d036a3bc-865a-402b-972e-96e0695bf8ce,"{""reportOnly"":""true""}"
a4ba65ca-037e-4068-9af1-4134ccb0b0ff,Mar2018,2018-03-01,2018-03-31,d036a3bc-865a-402b-972e-96e0695bf8ce,"{""reportOnly"":""true""}"
b85bd4ff-e6da-4d6c-811b-b0dc01be35b6,Apr2018,2018-04-01,2018-04-30,d036a3bc-865a-402b-972e-96e0695bf8ce,"{""reportOnly"":""false""}"
fd13b16c-5b0d-4a4d-93da-f88412f72fb7,May2018,2018-05-01,2018-05-31,d036a3bc-865a-402b-972e-96e0695bf8ce,"{""reportOnly"":""true""}"
b906f005-9b4b-45ed-b49a-76a6cb5f76fb,Jun2018,2018-06-01,2018-06-30,d036a3bc-865a-402b-972e-96e0695bf8ce,"{""reportOnly"":""true""}"
408ae4ea-938c-47d8-9c39-162952fcb0c4,Jul2018,2018-07-01,2018-07-31,d036a3bc-865a-402b-972e-96e0695bf8ce,"{""reportOnly"":""false""}"
53933d3a-398f-48bd-a4e0-77968efdbc7d,Aug2018,2018-08-01,2018-08-31,d036a3bc-865a-402b-972e-96e0695bf8ce,"{""reportOnly"":""true""}"
b80fc971-4d69-4c7b-bc78-84141661865e,Sep2018,2018-09-01,2018-09-30,d036a3bc-865a-402b-972e-96e0695bf8ce,"{""reportOnly"":""true""}"
3bcaa5d8-b354-4ba1-9492-73007241643f,Oct2018,2018-10-01,2018-10-31,d036a3bc-865a-402b-972e-96e0695bf8ce,"{""reportOnly"":""false""}"
f31f15bf-8a43-44ce-a895-61dda794e709,Nov2018,2018-11-01,2018-11-30,d036a3bc-865a-402b-972e-96e0695bf8ce,"{""reportOnly"":""true""}"
813f92fb-8d73-4c3b-a0d2-71a0bb2bf8b8,Dec2018,2018-12-01,2018-12-31,d036a3bc-865a-402b-972e-96e0695bf8ce,"{""reportOnly"":""true""}"
4b14c6dc-6505-420d-b2ce-29dbc723348b,Jan2019,2019-01-01,2019-01-31,d036a3bc-865a-402b-972e-96e0695bf8ce,"{""reportOnly"":""false""}"
893a0e1a-13c7-4a60-a991-5b8c3c591d8a,Feb2019,2019-02-01,2019-02-28,d036a3bc-865a-402b-972e-96e0695bf8ce,"{""reportOnly"":""true""}"
c2379223-ecf2-469b-a556-116e85790c4c,Mar2019,2019-03-01,2019-03-31,d036a3bc-865a-402b-972e-96e0695bf8ce,"{""reportOnly"":""true""}"
3068da75-84f9-47d3-86cf-c56527f53d78,Apr2019,2019-04-01,2019-04-30,d036a3bc-865a-402b-972e-96e0695bf8ce,"{""reportOnly"":""false""}"
7716a005-4076-4bae-8b7d-a0f63f839655,May2019,2019-05-01,2019-05-31,d036a3bc-865a-402b-972e-96e0695bf8ce,"{""reportOnly"":""true""}"
c9a363ec-5814-4bb2-a623-bcb1e872dab9,Jun2019,2019-06-01,2019-06-30,d036a3bc-865a-402b-972e-96e0695bf8ce,"{""reportOnly"":""true""}"
0c2d1089-a8bf-41e7-9636-2fba0fbfed6a,Jul2019,2019-07-01,2019-07-31,d036a3bc-865a-402b-972e-96e0695bf8ce,"{""reportOnly"":""false""}"
c93919a4-9715-4e14-842d-c81f55abc4e4,Aug2019,2019-08-01,2019-08-31,d036a3bc-865a-402b-972e-96e0695bf8ce,"{""reportOnly"":""true""}"
ed92cbd6-ae1c-4d05-8069-25fcfb5a4fe0,Sep2019,2019-09-01,2019-09-30,d036a3bc-865a-402b-972e-96e0695bf8ce,"{""reportOnly"":""true""}"
dd1c39a6-08d8-4b76-9d73-0afe4cea63ba,Oct2019,2019-10-01,2019-10-31,d036a3bc-865a-402b-972e-96e0695bf8ce,"{""reportOnly"":""false""}"
b13f9a88-0494-4df2-843b-746a1bd652b2,Nov2019,2019-11-01,2019-11-30,d036a3bc-865a-402b-972e-96e0695bf8ce,"{""reportOnly"":""true""}"
c50848e4-6e11-44bc-b02a-1ab88c7a7235,Dec2019,2019-12-01,2019-12-31,d036a3bc-865a-402b-972e-96e0695bf8ce,"{""reportOnly"":""true""}"
dfa7d92a-cb76-41c4-adbb-4dfef92aa232,Jan2020,2020-01-01,2020-01-31,d036a3bc-865a-402b-972e-96e0695bf8ce,"{""reportOnly"":""false""}"
124df4e3-7786-4d45-841d-2b99f50a05c9,Feb2020,2020-02-01,2020-02-29,d036a3bc-865a-402b-972e-96e0695bf8ce,"{""reportOnly"":""true""}"
ae79ba07-6e68-4dda-95b5-097f2e79a5de,Mar2020,2020-03-01,2020-03-31,d036a3bc-865a-402b-972e-96e0695bf8ce,"{""reportOnly"":""true""}"
b6658651-1958-4bed-b5e8-1d40d60ee6f1,Apr2020,2020-04-01,2020-04-30,d036a3bc-865a-402b-972e-96e0695bf8ce,"{""reportOnly"":""false""}"
8d97c9e2-e5e6-4d3a-b9f5-6cc33274a32d,May2020,2020-05-01,2020-05-31,d036a3bc-865a-402b-972e-96e0695bf8ce,"{""reportOnly"":""true""}"
944460f9-18be-42c4-8614-aa0f31a4272e,Jun2020,2020-06-01,2020-06-30,d036a3bc-865a-402b-972e-96e0695bf8ce,"{""reportOnly"":""true""}"
122c31d9-1019-4ad0-b947-4da4a4f303eb,Jul2020,2020-07-01,2020-07-31,d036a3bc-865a-402b-972e-96e0695bf8ce,"{""reportOnly"":""false""}"
ac2e2bd3-76ff-420a-a46d-dcdbfda52373,Aug2020,2020-08-01,2020-08-31,d036a3bc-865a-402b-972e-96e0695bf8ce,"{""reportOnly"":""true""}"
e38c3c99-0f89-4a5b-82bc-6b27a2500aa5,Sep2020,2020-09-01,2020-09-30,d036a3bc-865a-402b-972e-96e0695bf8ce,"{""reportOnly"":""true""}"
60e4291d-87c7-4c97-9695-f033b09e8d88,Oct2020,2020-10-01,2020-10-31,d036a3bc-865a-402b-972e-96e0695bf8ce,"{""reportOnly"":""false""}"
02d0a46c-fbcf-4251-87a6-cfad7affd83c,Nov2020,2020-11-01,2020-11-30,d036a3bc-865a-402b-972e-96e0695bf8ce,"{""reportOnly"":""true""}"
7077cda8-f769-4e53-acc3-4c1eae791fd8,Dec2020,2020-12-01,2020-12-31,d036a3bc-865a-402b-972e-96e0695bf8ce,"{""reportOnly"":""true""}"
2c9d4779-f6b2-4087-9ee2-dd6f02506738,Jan2021,2021-01-01,2021-01-31,d036a3bc-865a-402b-972e-96e0695bf8ce,"{""reportOnly"":""false""}"
c307035e-445d-4894-8c03-24cc2a47ba3e,Feb2021,2021-02-01,2021-02-28,d036a3bc-865a-402b-972e-96e0695bf8ce,"{""reportOnly"":""true""}"
363e132f-e345-491a-acf0-1f6d7c6b3a5c,Mar2021,2021-03-01,2021-03-31,d036a3bc-865a-402b-972e-96e0695bf8ce,"{""reportOnly"":""true""}"
9f025910-8822-4ad3-b5d5-f4b81d504f46,Apr2021,2021-04-01,2021-04-30,d036a3bc-865a-402b-972e-96e0695bf8ce,"{""reportOnly"":""false""}"
7d866dea-0541-4236-9056-70aefee9bedc,May2021,2021-05-01,2021-05-31,d036a3bc-865a-402b-972e-96e0695bf8ce,"{""reportOnly"":""true""}"
868600f9-bc63-4676-8ccc-e650c56db27b,Jun2021,2021-06-01,2021-06-30,d036a3bc-865a-402b-972e-96e0695bf8ce,"{""reportOnly"":""true""}"
4ccfac3f-cbba-485f-9f9a-982a2693cd9a,Jul2021,2021-07-01,2021-07-31,d036a3bc-865a-402b-972e-96e0695bf8ce,"{""reportOnly"":""false""}"
d65c69cb-ad84-4807-99be-57b784d4674a,Aug2021,2021-08-01,2021-08-31,d036a3bc-865a-402b-972e-96e0695bf8ce,"{""reportOnly"":""true""}"
f09cb311-e0b4-420d-8556-bb9a2eeab600,Sep2021,2021-09-01,2021-09-30,d036a3bc-865a-402b-972e-96e0695bf8ce,"{""reportOnly"":""true""}"
a479494b-4b7a-4c79-8414-989589bd528f,Oct2021,2021-10-01,2021-10-31,d036a3bc-865a-402b-972e-96e0695bf8ce,"{""reportOnly"":""false""}"
68945db6-39a8-41ef-b80f-e9dfcd8b1a7c,Nov2021,2021-11-01,2021-11-30,d036a3bc-865a-402b-972e-96e0695bf8ce,"{""reportOnly"":""true""}"
e74bdccd-7ab7-4728-b18a-aae26d04ebc8,Dec2021,2021-12-01,2021-12-31,d036a3bc-865a-402b-972e-96e0695bf8ce,"{""reportOnly"":""true""}"
39850ad4-8a6f-48d8-871e-55da6538d013,Jan2022,2022-01-01,2022-01-31,d036a3bc-865a-402b-972e-96e0695bf8ce,"{""reportOnly"":""false""}"
da72b954-f148-445d-baa4-e36a6e0ce2ea,Feb2022,2022-02-01,2022-02-28,d036a3bc-865a-402b-972e-96e0695bf8ce,"{""reportOnly"":""true""}"
ab601bac-ae03-42b0-91b9-8ff4f7cdff08,Mar2022,2022-03-01,2022-03-31,d036a3bc-865a-402b-972e-96e0695bf8ce,"{""reportOnly"":""true""}"
6ce47fc0-953a-473d-91c1-70c4f81a5c42,Apr2022,2022-04-01,2022-04-30,d036a3bc-865a-402b-972e-96e0695bf8ce,"{""reportOnly"":""false""}"
1e449a71-091b-41a5-82cb-ea420d109fd9,May2022,2022-05-01,2022-05-31,d036a3bc-865a-402b-972e-96e0695bf8ce,"{""reportOnly"":""true""}"
e6ad08af-ff32-49ef-bd74-e042534b7202,Jun2022,2022-06-01,2022-06-30,d036a3bc-865a-402b-972e-96e0695bf8ce,"{""reportOnly"":""true""}"
84fff973-6366-4552-bc67-c642b8e079e7,Jul2022,2022-07-01,2022-07-31,d036a3bc-865a-402b-972e-96e0695bf8ce,"{""reportOnly"":""false""}"
b43a73c3-b689-44ba-89b6-b41dc4200d6d,Aug2022,2022-08-01,2022-08-31,d036a3bc-865a-402b-972e-96e0695bf8ce,"{""reportOnly"":""true""}"
260e6dfc-1bca-45da-be14-0b36d997abe7,Sep2022,2022-09-01,2022-09-30,d036a3bc-865a-402b-972e-96e0695bf8ce,"{""reportOnly"":""true""}"
062e1e20-e1f8-48fd-9b57-88f8c17a090a,Oct2022,2022-10-01,2022-10-31,d036a3bc-865a-402b-972e-96e0695bf8ce,"{""reportOnly"":""false""}"
b6d9cf2e-3ca9-4233-8575-8ec0bfc174f0,Nov2022,2022-11-01,2022-11-30,d036a3bc-865a-402b-972e-96e0695bf8ce,"{""reportOnly"":""true""}"
31dae050-9955-48b7-bacb-eaf9062f120a,Dec2022,2022-12-01,2022-12-31,d036a3bc-865a-402b-972e-96e0695bf8ce,"{""reportOnly"":""true""}"
1df1565a-beba-40bb-870f-79dd90dc7db1,Jan2023,2023-01-01,2023-01-31,d036a3bc-865a-402b-972e-96e0695bf8ce,"{""reportOnly"":""false""}"
9097d448-01a4-4485-82c4-8252cb676bcc,Feb2023,2023-02-01,2023-02-28,d036a3bc-865a-402b-972e-96e0695bf8ce,"{""reportOnly"":""true""}"
002dc018-b69b-4371-8ce2-6af3779abc71,Mar2023,2023-03-01,2023-03-31,d036a3bc-865a-402b-972e-96e0695bf8ce,"{""reportOnly"":""true""}"
3230708b-389b-4114-82ef-f96c8cbcd4db,Apr2023,2023-04-01,2023-04-30,d036a3bc-865a-402b-972e-96e0695bf8ce,"{""reportOnly"":""false""}"
7680216d-4733-44c0-b6db-f3e2d629dff1,May2023,2023-05-01,2023-05-31,d036a3bc-865a-402b-972e-96e0695bf8ce,"{""reportOnly"":""true""}"
593b550a-165c-4fbf-90a7-144f6cff7c71,Jun2023,2023-06-01,2023-06-30,d036a3bc-865a-402b-972e-96e0695bf8ce,"{""reportOnly"":""true""}"
c9274e71-9dcd-43f1-bf96-1debcffe1b24,Jul2023,2023-07-01,2023-07-31,d036a3bc-865a-402b-972e-96e0695bf8ce,"{""reportOnly"":""false""}"
4c33afe8-c9db-4e39-baee-b2ee37e443dc,Aug2023,2023-08-01,2023-08-31,d036a3bc-865a-402b-972e-96e0695bf8ce,"{""reportOnly"":""true""}"
ac9d3a96-596c-4866-8616-3e419125b7de,Sep2023,2023-09-01,2023-09-30,d036a3bc-865a-402b-972e-96e0695bf8ce,"{""reportOnly"":""true""}"
9ad6b7cd-f017-4680-a0a2-e3767e9a6127,Oct2023,2023-10-01,2023-10-31,d036a3bc-865a-402b-972e-96e0695bf8ce,"{""reportOnly"":""false""}"
2075cbf6-03db-41e4-bc5d-ba533dc27d7e,Nov2023,2023-11-01,2023-11-30,d036a3bc-865a-402b-972e-96e0695bf8ce,"{""reportOnly"":""true""}"
ba547234-0e0e-447f-897e-e2d5f67f2cdb,Dec2023,2023-12-01,2023-12-31,d036a3bc-865a-402b-972e-96e0695bf8ce,"{""reportOnly"":""true""}"
9137077f-2620-427f-b6e3-0009b269ba0c,Jan2024,2024-01-01,2024-01-31,d036a3bc-865a-402b-972e-96e0695bf8ce,"{""reportOnly"":""false""}"
58eeaabc-e9a0-4ba6-b12f-19960a45f6e8,Feb2024,2024-02-01,2024-02-29,d036a3bc-865a-402b-972e-96e0695bf8ce,"{""reportOnly"":""true""}"
6e6cad7d-3020-41b0-8390-2597374c91b9,Mar2024,2024-03-01,2024-03-31,d036a3bc-865a-402b-972e-96e0695bf8ce,"{""reportOnly"":""true""}"
3a333bbe-b2f1-4f12-a81d-b9eb7bac5eb3,Apr2024,2024-04-01,2024-04-30,d036a3bc-865a-402b-972e-96e0695bf8ce,"{""reportOnly"":""false""}"
a15fa856-62ce-41d9-82f5-3dd8fd9e8bd0,May2024,2024-05-01,2024-05-31,d036a3bc-865a-402b-972e-96e0695bf8ce,"{""reportOnly"":""true""}"
b35236f5-a747-4990-bb3b-0bbcbe0e103f,Jun2024,2024-06-01,2024-06-30,d036a3bc-865a-402b-972e-96e0695bf8ce,"{""reportOnly"":""true""}"
43685630-f8a4-4c43-8e7a-88ce5d721d59,Jul2024,2024-07-01,2024-07-31,d036a3bc-865a-402b-972e-96e0695bf8ce,"{""reportOnly"":""false""}"
ddb84103-5128-4a80-b80f-7afe359905ee,Aug2024,2024-08-01,2024-08-31,d036a3bc-865a-402b-972e-96e0695bf8ce,"{""reportOnly"":""true""}"
01a59e2e-76a3-4f89-a776-d9d472137bfc,Sep2024,2024-09-01,2024-09-30,d036a3bc-865a-402b-972e-96e0695bf8ce,"{""reportOnly"":""true""}"
65416f16-717d-4419-aac8-28f6cd3a6c62,Oct2024,2024-10-01,2024-10-31,d036a3bc-865a-402b-972e-96e0695bf8ce,"{""reportOnly"":""false""}"
ff7b8ca5-2e7d-4ce0-a31d-b3398d91f1e1,Nov2024,2024-11-01,2024-11-30,d036a3bc-865a-402b-972e-96e0695bf8ce,"{""reportOnly"":""true""}"
493c64fb-2eac-4868-b52b-01ffaab4941c,Dec2024,2024-12-01,2024-12-31,d036a3bc-865a-402b-972e-96e0695bf8ce,"{""reportOnly"":""true""}"
1987f98c-2dff-45f6-933a-3f301e9db4f8,Jan2025,2025-01-01,2025-01-31,d036a3bc-865a-402b-972e-96e0695bf8ce,"{""reportOnly"":""false""}"
1b3e0b43-68ac-495a-9fa9-914d382ff114,Feb2025,2025-02-01,2025-02-28,d036a3bc-865a-402b-972e-96e0695bf8ce,"{""reportOnly"":""true""}"
c3f14779-ea75-4e6f-af4c-48d84a2d8064,Mar2025,2025-03-01,2025-03-31,d036a3bc-865a-402b-972e-96e0695bf8ce,"{""reportOnly"":""true""}"
78c919a0-503c-4523-bb51-e2da08675d26,Apr2025,2025-04-01,2025-04-30,d036a3bc-865a-402b-972e-96e0695bf8ce,"{""reportOnly"":""false""}"
13cfdcf2-55d0-40c6-85cf-bcf4b961ae07,May2025,2025-05-01,2025-05-31,d036a3bc-865a-402b-972e-96e0695bf8ce,"{""reportOnly"":""true""}"
2f935cb2-1ba2-43be-9fb7-dda26067b1a3,Jun2025,2025-06-01,2025-06-30,d036a3bc-865a-402b-972e-96e0695bf8ce,"{""reportOnly"":""true""}"
9d287ec7-51f0-4a2f-af3a-7e3fdae22fb5,Jul2025,2025-07-01,2025-07-31,d036a3bc-865a-402b-972e-96e0695bf8ce,"{""reportOnly"":""false""}"
72fcb7f5-1535-46fe-ac2b-bad6eafd345a,Aug2025,2025-08-01,2025-08-31,d036a3bc-865a-402b-972e-96e0695bf8ce,"{""reportOnly"":""true""}"
d8de7b09-487a-4319-9132-d356fb926176,Sep2025,2025-09-01,2025-09-30,d036a3bc-865a-402b-972e-96e0695bf8ce,"{""reportOnly"":""true""}"
7a8f31aa-0e9d-40ce-8930-d698bb5dccdf,Oct2025,2025-10-01,2025-10-31,d036a3bc-865a-402b-972e-96e0695bf8ce,"{""reportOnly"":""false""}"
d59da0f9-8c59-4b98-9d12-14f698d7a949,Nov2025,2025-11-01,2025-11-30,d036a3bc-865a-402b-972e-96e0695bf8ce,"{""reportOnly"":""true""}"
19676cde-4e82-4dfb-985d-9b71b6d63c39,Dec2025,2025-12-01,2025-12-31,d036a3bc-865a-402b-972e-96e0695bf8ce,"{""reportOnly"":""true""}"
6140c1d0-5722-4380-8530-952be6602514,Jan2018,2018-01-01,2018-01-31,9fca3d5d-b2c8-46c8-adb0-96e38d2c1f6f,"{""reportOnly"":""true""}"
2c267af9-a1cf-4d72-a653-d4a3e1571c76,Feb2018,2018-02-01,2018-02-28,9fca3d5d-b2c8-46c8-adb0-96e38d2c1f6f,"{""reportOnly"":""false""}"
d1486f6e-62a2-4d37-9f84-f7ca476d38fc,Mar2018,2018-03-01,2018-03-31,9fca3d5d-b2c8-46c8-adb0-96e38d2c1f6f,"{""reportOnly"":""true""}"
ed4d2f1e-c3bf-4a83-919a-87ac53ff3b94,Apr2018,2018-04-01,2018-04-30,9fca3d5d-b2c8-46c8-adb0-96e38d2c1f6f,"{""reportOnly"":""true""}"
14f87029-ede4-447a-a381-6e6c726ff2a7,May2018,2018-05-01,2018-05-31,9fca3d5d-b2c8-46c8-adb0-96e38d2c1f6f,"{""reportOnly"":""false""}"
9f958ba5-e53d-4ec4-9c8a-89bc3f4e722d,Jun2018,2018-06-01,2018-06-30,9fca3d5d-b2c8-46c8-adb0-96e38d2c1f6f,"{""reportOnly"":""true""}"
d0e52f8f-382f-4d44-a4f1-bab8b3fe92c3,Jul2018,2018-07-01,2018-07-31,9fca3d5d-b2c8-46c8-adb0-96e38d2c1f6f,"{""reportOnly"":""true""}"
bd03629c-0f3c-477f-8758-289ac60e5889,Aug2018,2018-08-01,2018-08-31,9fca3d5d-b2c8-46c8-adb0-96e38d2c1f6f,"{""reportOnly"":""false""}"
837b246e-df9e-4796-ba85-f7525a91cd9c,Sep2018,2018-09-01,2018-09-30,9fca3d5d-b2c8-46c8-adb0-96e38d2c1f6f,"{""reportOnly"":""true""}"
bba38eb4-a72f-4365-9cb2-cff931d188a2,Oct2018,2018-10-01,2018-10-31,9fca3d5d-b2c8-46c8-adb0-96e38d2c1f6f,"{""reportOnly"":""true""}"
6c95dd13-bf0c-4c4c-b908-0cefdb2942c4,Nov2018,2018-11-01,2018-11-30,9fca3d5d-b2c8-46c8-adb0-96e38d2c1f6f,"{""reportOnly"":""false""}"
fb50ea77-f775-49ff-a6fd-517e17ef4510,Dec2018,2018-12-01,2018-12-31,9fca3d5d-b2c8-46c8-adb0-96e38d2c1f6f,"{""reportOnly"":""true""}"
a6ac7fbd-aa00-4d48-acdb-c8296e12b602,Jan2019,2019-01-01,2019-01-31,9fca3d5d-b2c8-46c8-adb0-96e38d2c1f6f,"{""reportOnly"":""true""}"
cc554a50-9acb-4d3e-ab9b-701c66866d9b,Feb2019,2019-02-01,2019-02-28,9fca3d5d-b2c8-46c8-adb0-96e38d2c1f6f,"{""reportOnly"":""false""}"
6819a432-8551-4330-ac85-e32d3e2af70d,Mar2019,2019-03-01,2019-03-31,9fca3d5d-b2c8-46c8-adb0-96e38d2c1f6f,"{""reportOnly"":""true""}"
c532b1a7-cb72-4510-961d-a1b4259904a6,Apr2019,2019-04-01,2019-04-30,9fca3d5d-b2c8-46c8-adb0-96e38d2c1f6f,"{""reportOnly"":""true""}"
cad6e5de-2b31-499e-8a15-def228eaa981,May2019,2019-05-01,2019-05-31,9fca3d5d-b2c8-46c8-adb0-96e38d2c1f6f,"{""reportOnly"":""false""}"
0fd56638-65eb-46e5-b6ef-2d10159d6d51,Jun2019,2019-06-01,2019-06-30,9fca3d5d-b2c8-46c8-adb0-96e38d2c1f6f,"{""reportOnly"":""true""}"
23ceb634-eb33-4776-a830-90920638f4c7,Jul2019,2019-07-01,2019-07-31,9fca3d5d-b2c8-46c8-adb0-96e38d2c1f6f,"{""reportOnly"":""true""}"
06b0900c-8cff-44d6-9ff3-4159471aeaf8,Aug2019,2019-08-01,2019-08-31,9fca3d5d-b2c8-46c8-adb0-96e38d2c1f6f,"{""reportOnly"":""false""}"
432ef637-27b8-4943-9061-dd8e6425ae70,Sep2019,2019-09-01,2019-09-30,9fca3d5d-b2c8-46c8-adb0-96e38d2c1f6f,"{""reportOnly"":""true""}"
f51fe5b8-4dbf-4462-b32f-2904116920de,Oct2019,2019-10-01,2019-10-31,9fca3d5d-b2c8-46c8-adb0-96e38d2c1f6f,"{""reportOnly"":""true""}"
cd5c0f38-b139-4ecd-8fd4-91786ce58e1a,Nov2019,2019-11-01,2019-11-30,9fca3d5d-b2c8-46c8-adb0-96e38d2c1f6f,"{""reportOnly"":""false""}"
a8e6a20e-8864-4d09-8c2b-3b699ad71d7d,Dec2019,2019-12-01,2019-12-31,9fca3d5d-b2c8-46c8-adb0-96e38d2c1f6f,"{""reportOnly"":""true""}"
5fbf6f03-4b07-4aca-af9a-0671b544c1e6,Jan2020,2020-01-01,2020-01-31,9fca3d5d-b2c8-46c8-adb0-96e38d2c1f6f,"{""reportOnly"":""true""}"
b8ee891a-5723-44db-89be-a8ebdf2a2677,Feb2020,2020-02-01,2020-02-29,9fca3d5d-b2c8-46c8-adb0-96e38d2c1f6f,"{""reportOnly"":""false""}"
33abfeaa-b702-4aaa-bcdb-8b159f69496d,Mar2020,2020-03-01,2020-03-31,9fca3d5d-b2c8-46c8-adb0-96e38d2c1f6f,"{""reportOnly"":""true""}"
219d29cd-bca6-4885-854b-9fbda8d19474,Apr2020,2020-04-01,2020-04-30,9fca3d5d-b2c8-46c8-adb0-96e38d2c1f6f,"{""reportOnly"":""true""}"
c2b55ff8-071f-4d10-9532-a687b2909e76,May2020,2020-05-01,2020-05-31,9fca3d5d-b2c8-46c8-adb0-96e38d2c1f6f,"{""reportOnly"":""false""}"
b4cf96bb-c158-4710-a232-13dcab3dd4b9,Jun2020,2020-06-01,2020-06-30,9fca3d5d-b2c8-46c8-adb0-96e38d2c1f6f,"{""reportOnly"":""true""}"
cb313b03-0023-4101-8fe8-4279cf03e04f,Jul2020,2020-07-01,2020-07-31,9fca3d5d-b2c8-46c8-adb0-96e38d2c1f6f,"{""reportOnly"":""true""}"
6f65ea63-fec9-49cc-8b6d-afeadfab5a0a,Aug2020,2020-08-01,2020-08-31,9fca3d5d-b2c8-46c8-adb0-96e38d2c1f6f,"{""reportOnly"":""false""}"
ad681683-b26e-4dc8-b785-5808965962e2,Sep2020,2020-09-01,2020-09-30,9fca3d5d-b2c8-46c8-adb0-96e38d2c1f6f,"{""reportOnly"":""true""}"
f2e9a2d5-ef4e-4064-a69c-d91783363b03,Oct2020,2020-10-01,2020-10-31,9fca3d5d-b2c8-46c8-adb0-96e38d2c1f6f,"{""reportOnly"":""true""}"
2221d443-c259-400b-b432-353fd318d607,Nov2020,2020-11-01,2020-11-30,9fca3d5d-b2c8-46c8-adb0-96e38d2c1f6f,"{""reportOnly"":""false""}"
660e946b-0d58-4de4-ba5e-3c5e3f15a9c8,Dec2020,2020-12-01,2020-12-31,9fca3d5d-b2c8-46c8-adb0-96e38d2c1f6f,"{""reportOnly"":""true""}"
cb2c436c-237d-416c-a35e-9e606bd7ecba,Jan2021,2021-01-01,2021-01-31,9fca3d5d-b2c8-46c8-adb0-96e38d2c1f6f,"{""reportOnly"":""true""}"
bd20458d-4dc7-4cb8-b576-b36d11d8759c,Feb2021,2021-02-01,2021-02-28,9fca3d5d-b2c8-46c8-adb0-96e38d2c1f6f,"{""reportOnly"":""false""}"
a43ecb86-6dd5-42c0-abf9-8d4ee57f2cae,Mar2021,2021-03-01,2021-03-31,9fca3d5d-b2c8-46c8-adb0-96e38d2c1f6f,"{""reportOnly"":""true""}"
37ab34b0-8ea9-4910-a8ac-1e25069cfd71,Apr2021,2021-04-01,2021-04-30,9fca3d5d-b2c8-46c8-adb0-96e38d2c1f6f,"{""reportOnly"":""true""}"
7aa19136-ea17-48d3-991c-ee3dfdd74079,May2021,2021-05-01,2021-05-31,9fca3d5d-b2c8-46c8-adb0-96e38d2c1f6f,"{""reportOnly"":""false""}"
f7b6e1ed-1d7b-4210-a20a-8f088c0f3e25,Jun2021,2021-06-01,2021-06-30,9fca3d5d-b2c8-46c8-adb0-96e38d2c1f6f,"{""reportOnly"":""true""}"
7c16094d-9344-4f9c-9d33-f9986b6b3929,Jul2021,2021-07-01,2021-07-31,9fca3d5d-b2c8-46c8-adb0-96e38d2c1f6f,"{""reportOnly"":""true""}"
b41c2624-2cb4-4f58-9203-6354256d1523,Aug2021,2021-08-01,2021-08-31,9fca3d5d-b2c8-46c8-adb0-96e38d2c1f6f,"{""reportOnly"":""false""}"
6f9bd0fc-1868-4418-9ff7-911ccc141a59,Sep2021,2021-09-01,2021-09-30,9fca3d5d-b2c8-46c8-adb0-96e38d2c1f6f,"{""reportOnly"":""true""}"
606cfdb1-90a0-46d9-a3dc-d1d043e534f3,Oct2021,2021-10-01,2021-10-31,9fca3d5d-b2c8-46c8-adb0-96e38d2c1f6f,"{""reportOnly"":""true""}"
13e63356-3987-4a10-a73b-5c92495a1c49,Nov2021,2021-11-01,2021-11-30,9fca3d5d-b2c8-46c8-adb0-96e38d2c1f6f,"{""reportOnly"":""false""}"
6e9cad04-a45c-49f0-a0d8-9638b92da9e8,Dec2021,2021-12-01,2021-12-31,9fca3d5d-b2c8-46c8-adb0-96e38d2c1f6f,"{""reportOnly"":""true""}"
b1f05d8d-f565-434c-bb96-9bfcb27179a4,Jan2022,2022-01-01,2022-01-31,9fca3d5d-b2c8-46c8-adb0-96e38d2c1f6f,"{""reportOnly"":""true""}"
48aadff6-f804-4690-85a8-9b27b9a286f6,Feb2022,2022-02-01,2022-02-28,9fca3d5d-b2c8-46c8-adb0-96e38d2c1f6f,"{""reportOnly"":""false""}"
175b3e66-5182-44e0-a02d-322c035e92e7,Mar2022,2022-03-01,2022-03-31,9fca3d5d-b2c8-46c8-adb0-96e38d2c1f6f,"{""reportOnly"":""true""}"
946948da-4c83-4b63-b8a9-2dd318b3ec59,Apr2022,2022-04-01,2022-04-30,9fca3d5d-b2c8-46c8-adb0-96e38d2c1f6f,"{""reportOnly"":""true""}"
1bd5831f-2be1-453f-a6e6-7590085df0eb,May2022,2022-05-01,2022-05-31,9fca3d5d-b2c8-46c8-adb0-96e38d2c1f6f,"{""reportOnly"":""false""}"
4d188a76-7f20-4c94-9b89-1bd6c30b2522,Jun2022,2022-06-01,2022-06-30,9fca3d5d-b2c8-46c8-adb0-96e38d2c1f6f,"{""reportOnly"":""true""}"
03da15e2-4f28-4934-acb2-2404b41c1724,Jul2022,2022-07-01,2022-07-31,9fca3d5d-b2c8-46c8-adb0-96e38d2c1f6f,"{""reportOnly"":""true""}"
c0f356e4-2a96-45c0-b527-c6390faa6bc5,Aug2022,2022-08-01,2022-08-31,9fca3d5d-b2c8-46c8-adb0-96e38d2c1f6f,"{""reportOnly"":""false""}"
ad08c8d1-97f2-4d89-9305-e98da7f8453c,Sep2022,2022-09-01,2022-09-30,9fca3d5d-b2c8-46c8-adb0-96e38d2c1f6f,"{""reportOnly"":""true""}"
252580f3-fee7-44d4-88a1-814c246164c3,Oct2022,2022-10-01,2022-10-31,9fca3d5d-b2c8-46c8-adb0-96e38d2c1f6f,"{""reportOnly"":""true""}"
fae2517d-38a1-45df-a8ac-1ca0d9cd1dee,Nov2022,2022-11-01,2022-11-30,9fca3d5d-b2c8-46c8-adb0-96e38d2c1f6f,"{""reportOnly"":""false""}"
1ceffb43-5025-422a-ad0c-6ba8669c811e,Dec2022,2022-12-01,2022-12-31,9fca3d5d-b2c8-46c8-adb0-96e38d2c1f6f,"{""reportOnly"":""true""}"
27abead6-149c-46c6-a612-936f183ace29,Jan2023,2023-01-01,2023-01-31,9fca3d5d-b2c8-46c8-adb0-96e38d2c1f6f,"{""reportOnly"":""true""}"
fe71d1f0-4098-4d4a-a4cf-5c6b949fc6e0,Feb2023,2023-02-01,2023-02-28,9fca3d5d-b2c8-46c8-adb0-96e38d2c1f6f,"{""reportOnly"":""false""}"
36cad7a5-7a3c-4290-85a5-af7f031e605e,Mar2023,2023-03-01,2023-03-31,9fca3d5d-b2c8-46c8-adb0-96e38d2c1f6f,"{""reportOnly"":""true""}"
b29c05cd-8b0b-4151-969c-079d698672ad,Apr2023,2023-04-01,2023-04-30,9fca3d5d-b2c8-46c8-adb0-96e38d2c1f6f,"{""reportOnly"":""true""}"
018f911b-cba4-4377-a894-1e109cc5ab33,May2023,2023-05-01,2023-05-31,9fca3d5d-b2c8-46c8-adb0-96e38d2c1f6f,"{""reportOnly"":""false""}"
9b717d77-c847-4c2a-be41-f8a7d1d3ab6f,Jun2023,2023-06-01,2023-06-30,9fca3d5d-b2c8-46c8-adb0-96e38d2c1f6f,"{""reportOnly"":""true""}"
b752eac1-281a-4bbb-8d14-8efd44162f6c,Jul2023,2023-07-01,2023-07-31,9fca3d5d-b2c8-46c8-adb0-96e38d2c1f6f,"{""reportOnly"":""true""}"
45c54709-6276-404e-9bf1-c8cc35645fc3,Aug2023,2023-08-01,2023-08-31,9fca3d5d-b2c8-46c8-adb0-96e38d2c1f6f,"{""reportOnly"":""false""}"
5cadad2b-0047-4baa-9b80-66b8b2dc626e,Sep2023,2023-09-01,2023-09-30,9fca3d5d-b2c8-46c8-adb0-96e38d2c1f6f,"{""reportOnly"":""true""}"
0b7538fb-1993-45fe-8522-53b6e13341dd,Oct2023,2023-10-01,2023-10-31,9fca3d5d-b2c8-46c8-adb0-96e38d2c1f6f,"{""reportOnly"":""true""}"
a0b516e1-9d6e-4a70-a609-14a8edfc1fe3,Nov2023,2023-11-01,2023-11-30,9fca3d5d-b2c8-46c8-adb0-96e38d2c1f6f,"{""reportOnly"":""false""}"
7575f0f7-0d5a-45f6-b944-daec84a09f4c,Dec2023,2023-12-01,2023-12-31,9fca3d5d-b2c8-46c8-adb0-96e38d2c1f6f,"{""reportOnly"":""true""}"
431d0b00-1b53-4ee5-af58-46ffc27317bf,Jan2024,2024-01-01,2024-01-31,9fca3d5d-b2c8-46c8-adb0-96e38d2c1f6f,"{""reportOnly"":""true""}"
606893d4-674d-49ee-aea5-1ab79bc59cdb,Feb2024,2024-02-01,2024-02-29,9fca3d5d-b2c8-46c8-adb0-96e38d2c1f6f,"{""reportOnly"":""false""}"
ecb09194-ea56-4477-82d1-26a82fa99bbe,Mar2024,2024-03-01,2024-03-31,9fca3d5d-b2c8-46c8-adb0-96e38d2c1f6f,"{""reportOnly"":""true""}"
2ae014a2-fec1-4eae-82e1-940dedfb568a,Apr2024,2024-04-01,2024-04-30,9fca3d5d-b2c8-46c8-adb0-96e38d2c1f6f,"{""reportOnly"":""true""}"
b4263948-fac0-493d-93bd-8611d7c029e8,May2024,2024-05-01,2024-05-31,9fca3d5d-b2c8-46c8-adb0-96e38d2c1f6f,"{""reportOnly"":""false""}"
63a662d1-5ef1-4e91-b785-9ca2bef55707,Jun2024,2024-06-01,2024-06-30,9fca3d5d-b2c8-46c8-adb0-96e38d2c1f6f,"{""reportOnly"":""true""}"
07dd3c02-7667-4bb1-b4d6-fd59b096ba87,Jul2024,2024-07-01,2024-07-31,9fca3d5d-b2c8-46c8-adb0-96e38d2c1f6f,"{""reportOnly"":""true""}"
ac2fd709-a86e-4404-b41a-4255d9dd48fc,Aug2024,2024-08-01,2024-08-31,9fca3d5d-b2c8-46c8-adb0-96e38d2c1f6f,"{""reportOnly"":""false""}"
52c6588f-b420-4fb3-ba95-15b9765870eb,Sep2024,2024-09-01,2024-09-30,9fca3d5d-b2c8-46c8-adb0-96e38d2c1f6f,"{""reportOnly"":""true""}"
efb67e1a-09f6-4c3a-ad6e-d2ae5e1ff22d,Oct2024,2024-10-01,2024-10-31,9fca3d5d-b2c8-46c8-adb0-96e38d2c1f6f,"{""reportOnly"":""true""}"
a80089a0-5b27-475b-9a28-89017f461e17,Nov2024,2024-11-01,2024-11-30,9fca3d5d-b2c8-46c8-adb0-96e38d2c1f6f,"{""reportOnly"":""false""}"
e40962aa-2ca7-4b24-b7fe-a34f8e040269,Dec2024,2024-12-01,2024-12-31,9fca3d5d-b2c8-46c8-adb0-96e38d2c1f6f,"{""reportOnly"":""true""}"
fb699fa3-500b-4db7-959e-b7a77dad62e5,Jan2025,2025-01-01,2025-01-31,9fca3d5d-b2c8-46c8-adb0-96e38d2c1f6f,"{""reportOnly"":""true""}"
59491ac2-3847-4ed1-b1a5-9bfbbf56d851,Feb2025,2025-02-01,2025-02-28,9fca3d5d-b2c8-46c8-adb0-96e38d2c1f6f,"{""reportOnly"":""false""}"
595a2149-5d20-41d0-8514-131ee44dcce5,Mar2025,2025-03-01,2025-03-31,9fca3d5d-b2c8-46c8-adb0-96e38d2c1f6f,"{""reportOnly"":""true""}"
fdd049a2-519a-481d-bee0-214eaa7cf1c9,Apr2025,2025-04-01,2025-04-30,9fca3d5d-b2c8-46c8-adb0-96e38d2c1f6f,"{""reportOnly"":""true""}"
34a112c0-2b28-4884-b698-65ab246837bc,May2025,2025-05-01,2025-05-31,9fca3d5d-b2c8-46c8-adb0-96e38d2c1f6f,"{""reportOnly"":""false""}"
bc40de75-417e-43ed-a2e1-ba46f4a560b0,Jun2025,2025-06-01,2025-06-30,9fca3d5d-b2c8-46c8-adb0-96e38d2c1f6f,"{""reportOnly"":""true""}"
b519cf5f-07f8-4f3f-a298-83305333f06c,Jul2025,2025-07-01,2025-07-31,9fca3d5d-b2c8-46c8-adb0-96e38d2c1f6f,"{""reportOnly"":""true""}"
9490948b-30ea-47e9-99f2-f44e05e91bef,Aug2025,2025-08-01,2025-08-31,9fca3d5d-b2c8-46c8-adb0-96e38d2c1f6f,"{""reportOnly"":""false""}"
9fd0cca6-065f-45d3-b4d3-5158b204c518,Sep2025,2025-09-01,2025-09-30,9fca3d5d-b2c8-46c8-adb0-96e38d2c1f6f,"{""reportOnly"":""true""}"
639d8871-cb3d-4ec3-945d-6a1ac7b4f615,Oct2025,2025-10-01,2025-10-31,9fca3d5d-b2c8-46c8-adb0-96e38d2c1f6f,"{""reportOnly"":""true""}"
4e33f6ca-010b-4821-9789-008a241db0e7,Nov2025,2025-11-01,2025-11-30,9fca3d5d-b2c8-46c8-adb0-96e38d2c1f6f,"{""reportOnly"":""false""}"
2bdb56dc-5dd9-4433-b2f1-3d8ba93469d8,Dec2025,2025-12-01,2025-12-31,9fca3d5d-b2c8-46c8-adb0-96e38d2c1f6f,"{""reportOnly"":""true""}"
8001fae5-e4b8-448e-9499-eb3f05ceada6,Jan2018,2018-01-01,2018-01-31,083775ab-b9af-41a3-b845-0fbf4fe1583d,"{""reportOnly"":""true""}"
695c7eb1-16dd-4837-b416-e9394f8abcd7,Feb2018,2018-02-01,2018-02-28,083775ab-b9af-41a3-b845-0fbf4fe1583d,"{""reportOnly"":""true""}"
ca66cab0-f14d-46ee-82da-6e21bee45b3f,Mar2018,2018-03-01,2018-03-31,083775ab-b9af-41a3-b845-0fbf4fe1583d,"{""reportOnly"":""false""}"
0149c948-9d58-40df-bc00-bfc5adc69c09,Apr2018,2018-04-01,2018-04-30,083775ab-b9af-41a3-b845-0fbf4fe1583d,"{""reportOnly"":""true""}"
20f5fa22-9557-409e-8573-ef8374226010,May2018,2018-05-01,2018-05-31,083775ab-b9af-41a3-b845-0fbf4fe1583d,"{""reportOnly"":""true""}"
abac1010-e212-479c-b2bf-46d753ebe81d,Jun2018,2018-06-01,2018-06-30,083775ab-b9af-41a3-b845-0fbf4fe1583d,"{""reportOnly"":""false""}"
3626f7be-865d-4a3e-92cb-29a6f4b16645,Jul2018,2018-07-01,2018-07-31,083775ab-b9af-41a3-b845-0fbf4fe1583d,"{""reportOnly"":""true""}"
ec8b423c-7baf-46fb-846c-1f2eddb56532,Aug2018,2018-08-01,2018-08-31,083775ab-b9af-41a3-b845-0fbf4fe1583d,"{""reportOnly"":""true""}"
f3d703af-541d-4851-b1dc-ca8a13e380a8,Sep2018,2018-09-01,2018-09-30,083775ab-b9af-41a3-b845-0fbf4fe1583d,"{""reportOnly"":""false""}"
17d38687-6989-445e-b71a-eb1226d7fab4,Oct2018,2018-10-01,2018-10-31,083775ab-b9af-41a3-b845-0fbf4fe1583d,"{""reportOnly"":""true""}"
ecd24bbe-8e7c-422f-9c3a-e48dec56b23c,Nov2018,2018-11-01,2018-11-30,083775ab-b9af-41a3-b845-0fbf4fe1583d,"{""reportOnly"":""true""}"
74179647-0de3-4eb6-a79f-f28c9df25353,Dec2018,2018-12-01,2018-12-31,083775ab-b9af-41a3-b845-0fbf4fe1583d,"{""reportOnly"":""false""}"
53166a56-1a49-44ef-99c4-392e9beb5522,Jan2019,2019-01-01,2019-01-31,083775ab-b9af-41a3-b845-0fbf4fe1583d,"{""reportOnly"":""true""}"
86f81c24-e1ed-48f4-b46e-5eebae5f318d,Feb2019,2019-02-01,2019-02-28,083775ab-b9af-41a3-b845-0fbf4fe1583d,"{""reportOnly"":""true""}"
d8200d08-fe3b-4520-b9b0-b858858e5a14,Mar2019,2019-03-01,2019-03-31,083775ab-b9af-41a3-b845-0fbf4fe1583d,"{""reportOnly"":""false""}"
9c3b13cf-5b2a-4b68-b310-ac092663f9e1,Apr2019,2019-04-01,2019-04-30,083775ab-b9af-41a3-b845-0fbf4fe1583d,"{""reportOnly"":""true""}"
8dc1b118-7fab-4f4f-9e81-9fba05b2e2ba,May2019,2019-05-01,2019-05-31,083775ab-b9af-41a3-b845-0fbf4fe1583d,"{""reportOnly"":""true""}"
0249c27b-c339-4c89-b917-7d6cb70a90ef,Jun2019,2019-06-01,2019-06-30,083775ab-b9af-41a3-b845-0fbf4fe1583d,"{""reportOnly"":""false""}"
ef0b2aa5-bcce-43f5-b7f4-d92868f37441,Jul2019,2019-07-01,2019-07-31,083775ab-b9af-41a3-b845-0fbf4fe1583d,"{""reportOnly"":""true""}"
bd0fd32c-a33c-4ac0-8f5c-3f93a03ea0ff,Aug2019,2019-08-01,2019-08-31,083775ab-b9af-41a3-b845-0fbf4fe1583d,"{""reportOnly"":""true""}"
9b36a8d7-d717-4998-b437-4684344bea3a,Sep2019,2019-09-01,2019-09-30,083775ab-b9af-41a3-b845-0fbf4fe1583d,"{""reportOnly"":""false""}"
f395bb38-f17b-4013-8f22-4d53fd63a3f4,Oct2019,2019-10-01,2019-10-31,083775ab-b9af-41a3-b845-0fbf4fe1583d,"{""reportOnly"":""true""}"
21c20f01-15b4-4ace-a4b8-5f110281c06d,Nov2019,2019-11-01,2019-11-30,083775ab-b9af-41a3-b845-0fbf4fe1583d,"{""reportOnly"":""true""}"
e5cc8dc6-e2e2-49dd-895d-4f6b7e0c92d4,Dec2019,2019-12-01,2019-12-31,083775ab-b9af-41a3-b845-0fbf4fe1583d,"{""reportOnly"":""false""}"
8f091928-710f-421e-a5cf-6fc3ef2d9635,Jan2020,2020-01-01,2020-01-31,083775ab-b9af-41a3-b845-0fbf4fe1583d,"{""reportOnly"":""true""}"
02677ac8-7bb6-462a-866b-419164d4a69a,Feb2020,2020-02-01,2020-02-29,083775ab-b9af-41a3-b845-0fbf4fe1583d,"{""reportOnly"":""true""}"
b770eada-336b-454d-9cb3-7878e31442c1,Mar2020,2020-03-01,2020-03-31,083775ab-b9af-41a3-b845-0fbf4fe1583d,"{""reportOnly"":""false""}"
e48bb8f5-cac3-42dc-8e84-2aec85e1f276,Apr2020,2020-04-01,2020-04-30,083775ab-b9af-41a3-b845-0fbf4fe1583d,"{""reportOnly"":""true""}"
b0da8090-e9e3-48de-aa89-ff00dd661377,May2020,2020-05-01,2020-05-31,083775ab-b9af-41a3-b845-0fbf4fe1583d,"{""reportOnly"":""true""}"
6f409aa5-14d8-4c2e-aadc-73bd2444553e,Jun2020,2020-06-01,2020-06-30,083775ab-b9af-41a3-b845-0fbf4fe1583d,"{""reportOnly"":""false""}"
26ca110d-a95e-4e51-903d-87a788f0770a,Jul2020,2020-07-01,2020-07-31,083775ab-b9af-41a3-b845-0fbf4fe1583d,"{""reportOnly"":""true""}"
32737fbe-07ad-4665-b520-9c0e2b01225c,Aug2020,2020-08-01,2020-08-31,083775ab-b9af-41a3-b845-0fbf4fe1583d,"{""reportOnly"":""true""}"
ac13cabe-8c30-44c7-be70-2300878ae3e2,Sep2020,2020-09-01,2020-09-30,083775ab-b9af-41a3-b845-0fbf4fe1583d,"{""reportOnly"":""false""}"
c6ff2afc-4d25-4b58-884a-bddab5c36736,Oct2020,2020-10-01,2020-10-31,083775ab-b9af-41a3-b845-0fbf4fe1583d,"{""reportOnly"":""true""}"
c78bca30-9cbb-4cf8-a954-2ba699799ab6,Nov2020,2020-11-01,2020-11-30,083775ab-b9af-41a3-b845-0fbf4fe1583d,"{""reportOnly"":""true""}"
f7efc554-7966-4ec7-a6db-34f3557fc0e8,Dec2020,2020-12-01,2020-12-31,083775ab-b9af-41a3-b845-0fbf4fe1583d,"{""reportOnly"":""false""}"
19cf6ea2-2d4f-47d9-bffa-3709141f6433,Jan2021,2021-01-01,2021-01-31,083775ab-b9af-41a3-b845-0fbf4fe1583d,"{""reportOnly"":""true""}"
5fcf0a19-8e6a-43b5-8a20-7d4115c8d964,Feb2021,2021-02-01,2021-02-28,083775ab-b9af-41a3-b845-0fbf4fe1583d,"{""reportOnly"":""true""}"
69653e42-e26a-4753-8233-0a2ced3289b3,Mar2021,2021-03-01,2021-03-31,083775ab-b9af-41a3-b845-0fbf4fe1583d,"{""reportOnly"":""false""}"
7b1f8466-722f-47f5-b457-4baf5e7753a0,Apr2021,2021-04-01,2021-04-30,083775ab-b9af-41a3-b845-0fbf4fe1583d,"{""reportOnly"":""true""}"
ab907089-c57f-485f-b28a-9b75cce5ccd5,May2021,2021-05-01,2021-05-31,083775ab-b9af-41a3-b845-0fbf4fe1583d,"{""reportOnly"":""true""}"
8e55658b-9cff-4b21-ad6e-fc86d4ef4def,Jun2021,2021-06-01,2021-06-30,083775ab-b9af-41a3-b845-0fbf4fe1583d,"{""reportOnly"":""false""}"
215bb21e-be46-47fe-ae2c-69f7adfa4ac0,Jul2021,2021-07-01,2021-07-31,083775ab-b9af-41a3-b845-0fbf4fe1583d,"{""reportOnly"":""true""}"
a3c8304b-019f-4e9e-8398-5c4f74a9613c,Aug2021,2021-08-01,2021-08-31,083775ab-b9af-41a3-b845-0fbf4fe1583d,"{""reportOnly"":""true""}"
281bdc77-dd73-42d7-963c-63181deb286d,Sep2021,2021-09-01,2021-09-30,083775ab-b9af-41a3-b845-0fbf4fe1583d,"{""reportOnly"":""false""}"
2827b582-29f2-49ca-92d3-0c3aed9d4dc4,Oct2021,2021-10-01,2021-10-31,083775ab-b9af-41a3-b845-0fbf4fe1583d,"{""reportOnly"":""true""}"
6f871d81-b180-44bd-9bad-c6f05eda86f0,Nov2021,2021-11-01,2021-11-30,083775ab-b9af-41a3-b845-0fbf4fe1583d,"{""reportOnly"":""true""}"
60cc9432-a77b-43c9-bd32-7bad308ffe8a,Dec2021,2021-12-01,2021-12-31,083775ab-b9af-41a3-b845-0fbf4fe1583d,"{""reportOnly"":""false""}"
4964055b-d88a-4ac5-9672-2bbffbf12b44,Jan2022,2022-01-01,2022-01-31,083775ab-b9af-41a3-b845-0fbf4fe1583d,"{""reportOnly"":""true""}"
45012259-2d84-4779-9174-310755a1eefc,Feb2022,2022-02-01,2022-02-28,083775ab-b9af-41a3-b845-0fbf4fe1583d,"{""reportOnly"":""true""}"
865a3bd9-7100-4fa0-825d-46abffcc4eca,Mar2022,2022-03-01,2022-03-31,083775ab-b9af-41a3-b845-0fbf4fe1583d,"{""reportOnly"":""false""}"
2d78f3b5-adf3-4d8f-aae2-5fff9b6df889,Apr2022,2022-04-01,2022-04-30,083775ab-b9af-41a3-b845-0fbf4fe1583d,"{""reportOnly"":""true""}"
41958efd-f458-4a17-b06c-9ba26de72ab9,May2022,2022-05-01,2022-05-31,083775ab-b9af-41a3-b845-0fbf4fe1583d,"{""reportOnly"":""true""}"
aae6f143-7825-4037-b255-38311ad40005,Jun2022,2022-06-01,2022-06-30,083775ab-b9af-41a3-b845-0fbf4fe1583d,"{""reportOnly"":""false""}"
fb59aa3d-9ee9-4192-90d7-b11715d3a4c8,Jul2022,2022-07-01,2022-07-31,083775ab-b9af-41a3-b845-0fbf4fe1583d,"{""reportOnly"":""true""}"
576cc3ed-55f3-46c7-b1da-754c94bd7ca4,Aug2022,2022-08-01,2022-08-31,083775ab-b9af-41a3-b845-0fbf4fe1583d,"{""reportOnly"":""true""}"
f54d8a6c-5a99-4e5d-b058-92100c7e9eb3,Sep2022,2022-09-01,2022-09-30,083775ab-b9af-41a3-b845-0fbf4fe1583d,"{""reportOnly"":""false""}"
658e47d8-f1c3-4023-b409-e2d4f12c30ed,Oct2022,2022-10-01,2022-10-31,083775ab-b9af-41a3-b845-0fbf4fe1583d,"{""reportOnly"":""true""}"
f1273a6b-8642-4727-ac9c-b0e3cb8aab48,Nov2022,2022-11-01,2022-11-30,083775ab-b9af-41a3-b845-0fbf4fe1583d,"{""reportOnly"":""true""}"
630b989b-08df-429d-a60e-830451273995,Dec2022,2022-12-01,2022-12-31,083775ab-b9af-41a3-b845-0fbf4fe1583d,"{""reportOnly"":""false""}"
d85f4a0c-2acf-418c-8023-652dffa01fbb,Jan2023,2023-01-01,2023-01-31,083775ab-b9af-41a3-b845-0fbf4fe1583d,"{""reportOnly"":""true""}"
bbe5e9de-5f8c-44a6-a216-f2421f21748d,Feb2023,2023-02-01,2023-02-28,083775ab-b9af-41a3-b845-0fbf4fe1583d,"{""reportOnly"":""true""}"
303ee83f-b30f-483b-8efa-b5e38aa773a2,Mar2023,2023-03-01,2023-03-31,083775ab-b9af-41a3-b845-0fbf4fe1583d,"{""reportOnly"":""false""}"
33345df0-9d5c-403d-a789-c03c71302e94,Apr2023,2023-04-01,2023-04-30,083775ab-b9af-41a3-b845-0fbf4fe1583d,"{""reportOnly"":""true""}"
976a7b05-7025-4dea-a76a-a1d7b21d9f59,May2023,2023-05-01,2023-05-31,083775ab-b9af-41a3-b845-0fbf4fe1583d,"{""reportOnly"":""true""}"
6fa17f0d-08c0-48d4-bdb5-22df9d13d568,Jun2023,2023-06-01,2023-06-30,083775ab-b9af-41a3-b845-0fbf4fe1583d,"{""reportOnly"":""false""}"
960f14a7-ef51-4ebd-8ef5-1e07b18d077a,Jul2023,2023-07-01,2023-07-31,083775ab-b9af-41a3-b845-0fbf4fe1583d,"{""reportOnly"":""true""}"
73341a92-8dfe-4b15-b083-4262788e42d0,Aug2023,2023-08-01,2023-08-31,083775ab-b9af-41a3-b845-0fbf4fe1583d,"{""reportOnly"":""true""}"
c0cdaea8-3eff-4aaa-b074-3725275b717e,Sep2023,2023-09-01,2023-09-30,083775ab-b9af-41a3-b845-0fbf4fe1583d,"{""reportOnly"":""false""}"
2deb3b4e-9906-483b-a4e9-2a9e080d53ba,Oct2023,2023-10-01,2023-10-31,083775ab-b9af-41a3-b845-0fbf4fe1583d,"{""reportOnly"":""true""}"
4b37e42a-1c1c-4c18-9162-68458a2ee3a1,Nov2023,2023-11-01,2023-11-30,083775ab-b9af-41a3-b845-0fbf4fe1583d,"{""reportOnly"":""true""}"
af4f09fc-6b55-4942-948f-8034decedcf0,Dec2023,2023-12-01,2023-12-31,083775ab-b9af-41a3-b845-0fbf4fe1583d,"{""reportOnly"":""false""}"
6e792d13-3dba-4ad6-a57f-f3d0e935b350,Jan2024,2024-01-01,2024-01-31,083775ab-b9af-41a3-b845-0fbf4fe1583d,"{""reportOnly"":""true""}"
1746125a-5c83-41ab-8908-1cb015a7746d,Feb2024,2024-02-01,2024-02-29,083775ab-b9af-41a3-b845-0fbf4fe1583d,"{""reportOnly"":""true""}"
593ab023-316d-4328-b4ea-1f0dbcc0e656,Mar2024,2024-03-01,2024-03-31,083775ab-b9af-41a3-b845-0fbf4fe1583d,"{""reportOnly"":""false""}"
823561a1-f4ef-4afd-9a9e-1b104c799918,Apr2024,2024-04-01,2024-04-30,083775ab-b9af-41a3-b845-0fbf4fe1583d,"{""reportOnly"":""true""}"
94b80566-7439-442f-8bd2-5f558677232b,May2024,2024-05-01,2024-05-31,083775ab-b9af-41a3-b845-0fbf4fe1583d,"{""reportOnly"":""true""}"
efe60492-1b1c-4c4b-a632-4ec42c3d0513,Jun2024,2024-06-01,2024-06-30,083775ab-b9af-41a3-b845-0fbf4fe1583d,"{""reportOnly"":""false""}"
a1cfab4f-2807-476b-8030-2f5a8f72e54f,Jul2024,2024-07-01,2024-07-31,083775ab-b9af-41a3-b845-0fbf4fe1583d,"{""reportOnly"":""true""}"
e7efb0a6-e69a-42e7-bd59-cf7b58bc77a5,Aug2024,2024-08-01,2024-08-31,083775ab-b9af-41a3-b845-0fbf4fe1583d,"{""reportOnly"":""true""}"
7ff479c8-056a-4730-a953-1ba4b5da2942,Sep2024,2024-09-01,2024-09-30,083775ab-b9af-41a3-b845-0fbf4fe1583d,"{""reportOnly"":""false""}"
f3b0447a-22ff-429a-a633-328d0c2624f5,Oct2024,2024-10-01,2024-10-31,083775ab-b9af-41a3-b845-0fbf4fe1583d,"{""reportOnly"":""true""}"
94bb04d4-5819-4758-b1c7-5423ea7fe283,Nov2024,2024-11-01,2024-11-30,083775ab-b9af-41a3-b845-0fbf4fe1583d,"{""reportOnly"":""true""}"
8df88e7c-d5f4-4577-a0f1-7d485b26fd42,Dec2024,2024-12-01,2024-12-31,083775ab-b9af-41a3-b845-0fbf4fe1583d,"{""reportOnly"":""false""}"
b7aa60b1-a3d6-47c5-b271-1e972b79f001,Jan2025,2025-01-01,2025-01-31,083775ab-b9af-41a3-b845-0fbf4fe1583d,"{""reportOnly"":""true""}"
f9bf8e1f-5b69-4e89-ab82-3b28c41223ae,Feb2025,2025-02-01,2025-02-28,083775ab-b9af-41a3-b845-0fbf4fe1583d,"{""reportOnly"":""true""}"
b5f9475b-1498-43f3-8a8b-51767a199927,Mar2025,2025-03-01,2025-03-31,083775ab-b9af-41a3-b845-0fbf4fe1583d,"{""reportOnly"":""false""}"
deacd7c5-72e6-41f4-a695-c636dda733b5,Apr2025,2025-04-01,2025-04-30,083775ab-b9af-41a3-b845-0fbf4fe1583d,"{""reportOnly"":""true""}"
9249a33f-2d24-40b7-9089-263c2836ef45,May2025,2025-05-01,2025-05-31,083775ab-b9af-41a3-b845-0fbf4fe1583d,"{""reportOnly"":""true""}"
978b4185-7428-4f3a-819b-cbb7e782280c,Jun2025,2025-06-01,2025-06-30,083775ab-b9af-41a3-b845-0fbf4fe1583d,"{""reportOnly"":""false""}"
5171ad16-813a-407d-a6a3-a4066b67c49c,Jul2025,2025-07-01,2025-07-31,083775ab-b9af-41a3-b845-0fbf4fe1583d,"{""reportOnly"":""true""}"
0f5117d9-a5d6-4df0-8465-834c474a8dbd,Aug2025,2025-08-01,2025-08-31,083775ab-b9af-41a3-b845-0fbf4fe1583d,"{""reportOnly"":""true""}"
48bde5a6-02d7-4ccc-8f06-faf144b65c4a,Sep2025,2025-09-01,2025-09-30,083775ab-b9af-41a3-b845-0fbf4fe1583d,"{""reportOnly"":""false""}"
44e5f30f-414a-4d60-913d-440bce838336,Oct2025,2025-10-01,2025-10-31,083775ab-b9af-41a3-b845-0fbf4fe1583d,"{""reportOnly"":""true""}"
6052c033-d01e-47d5-a660-49b093114d52,Nov2025,2025-11-01,2025-11-30,083775ab-b9af-41a3-b845-0fbf4fe1583d,"{""reportOnly"":""true""}"
a3022469-5d38-414b-b83a-0f84e5bbf4d7,Dec2025,2025-12-01,2025-12-31,083775ab-b9af-41a3-b845-0fbf4fe1583d,"{""reportOnly"":""false""}"
1681f426-9cbd-4224-9c57-bdc405d460fd,July 2016  June 2017,2016-07-01,2017-06-30,d21ba898-2bed-47ac-8ab8-9afb4a663fc9,
bcf9b66d-3f9d-4b32-967f-0fb619fd8681,July 2017  June 2017,2017-07-01,2018-06-30,d21ba898-2bed-47ac-8ab8-9afb4a663fc9,
