id,code,name,supervisorynodeid
1642bfd8-94e1-4fcf-80e7-254b29ca8e05,RGFP1,RG Family Planning 1,fb38bd1c-beeb-4527-8345-900900329c10
84b33e28-f537-4a76-8895-9d4d564a623a,RGEM1,RG Essential Meds 1,6d5831e7-c336-4129-bd10-0149910a72aa
e90da490-a371-4c2f-83c3-7c1dc9748d48,RGFP2,RG Family Planning 2,9f470265-0770-4dd1-bd5a-cf8fe3734d79
9046380c-45f4-4256-a31f-d15e53c3b7e6,RGFP3,RG Family Planning 3,05b8e2b8-2f8f-4585-99da-0e41fcc4da69
748f2602-9ffa-4ddc-9647-8bfde04f13c1,RGEPI1,RG EPI 1 (districts),219cf7dd-b60a-4c25-ae4e-bf035f357bb4
f3ff98db-6254-4d3e-a501-01874ed4d184,RGEPI2,RG EPI 2 (health facilities),6f5eae49-bc62-4664-a679-1ef0bfd5b21d
8c3cc51e-9471-4d05-857f-67958f5cd171,RGEPI3,RG EPI 3 (health facilities),dcd5566a-4400-4190-9459-602bf6d5f6f2
cf1bd029-4360-4a68-a696-99d816a86b58,RG-ARV-1.1,RG ARV 1.1 (health centers),cf9deeee-467d-4477-958a-02e6aee1a9b5
9557dce9-891f-43fb-acde-9317fdcebddc,RG-ARV-1,RG ARV 1 (health centers),bc5e972d-73e9-41c9-9c49-aa260e34a911
22e77f01-a4b4-436e-b387-1f444862db28,RGL,RG Lab,fb38bd1c-beeb-4527-8345-900900329c10
396c7462-77fe-4cf6-b431-d378344925ce,1,Hatity,75f7510e-4301-46e9-a730-df20b495e523
4103681d-3eb5-4609-b958-aa3853906f0c,2,Alphazap,38977d04-5829-4cdb-be4e-fe914ba38be4
1581c59f-55c1-40de-adae-085614e6d03f,3,Stringtough,5f7fb332-7335-46a4-beed-395b59b5f074
aac849d2-4f77-4c4b-ac0f-7bdd13d8ab7e,4,Treeflex,39fed9de-00b9-4fe4-815d-606d62e12dae
926e4e20-113e-45c8-88ec-70ecdb05a996,5,Tin,38d38078-dbdb-4882-8c2e-e72840d92b9c
e296be94-9391-45b1-81e2-0ab5784d1022,6,Holdlamis,b71ee894-3336-472b-b85d-73e6423be8b4
334f83c9-4f48-484c-8434-a54c5f238117,7,Asoka,36ce6ffb-46de-44b8-9add-3208be5cf70a
a17f3f7d-2750-4f3e-9925-e6ebfd1915ca,8,Daltfresh,01b06099-f1d6-4628-b353-fdc3b616070a
406dde32-2c8e-454a-9fc3-73ab9cc791f7,9,Gembucket,c5936ec3-800e-4cfb-afa7-97a35f42cc06
66ef8661-3378-497d-a665-0e45c72ec905,10,Alphazap,5b31118e-a335-4a2f-8211-8a45a46f9cc1
d88d52f2-9255-4f90-b829-da08a8f69306,11,Domainer,4e206945-23de-4e93-b661-08aee7c6ac5c
f2e0b93b-6cac-4980-8504-d10855631e50,12,Home Ing,0b56da3b-3611-40f3-a4d5-cddb9606620c
806f0251-e16e-4dae-9f5c-313181f7f689,13,Cookley,33deb664-8267-4291-9190-0d38fd48f564
6af1e868-7efc-4829-bb3e-0205285be330,14,Fintone,c5920076-4d85-4db3-a2d9-efa051211a65
c8fa232f-841f-4e07-8924-d47d577e5039,15,Toughjoyfax,5345f397-86d2-43db-9206-076efaf7610f
e062c78c-c499-4f05-b593-1ccdea4b66e9,16,Zamit,5a882e1a-748c-44a8-9372-cea6ad061463
4dff1eaa-37cb-48b1-a7d3-46956616bdb0,17,Vagram,fa4139f8-4d7f-4b0c-98b7-baccd2ac9827
fec543ab-5d7d-4008-b4a0-f415852ccf1d,18,Ventosanzap,0a228894-3372-4810-8fbe-53a9b4918538
29ba61df-9a0c-4838-88f9-3e0b4202fbd5,19,Zontrax,ecabe550-0e5b-4468-a512-8566bc1c67fd
368e4fab-9489-49d2-8357-fa08b033da16,20,Domainer,67c5265a-7e74-44eb-8e85-b8aa548dcfc3
60e13d73-89cf-4c83-93a9-4ee9ffb83f98,21,Trippledex,60795ac4-62c7-4eab-b6bf-b2b42943a0de
49af8026-186b-4082-a525-01db32a0798f,22,Gembucket,0ebff3ac-1380-40e4-8946-cb3641a0fd27
5c11810c-8af6-437d-afd3-91d43f96b66c,23,Kanlam,006c3589-37d2-474d-84a0-6f132ce84f4b
0d0c13ce-f21b-4819-9ac2-cce79cc74600,24,Daltfresh,bcff200e-d6e2-4b8c-94ba-c156957d0b9d
9b6ae133-5c98-4dde-86ba-31a42da65fc7,25,Hatity,4949c174-b298-486c-9ace-dba843c64346
bc3eff6a-acf6-4f9a-9ae7-232f21327c34,26,Lotlux,9826de05-41f2-4a88-bdce-d0e39c006d64
7fb63532-8019-43bc-ac15-f06f06221a9e,27,Voyatouch,013eaf2e-f3e4-4770-a84d-a4b36b3c4465
ccde7cab-694f-4f21-b154-a0d94e286611,28,Voltsillam,34e645a7-e8ff-4c22-9f28-997b6ad5abcf
5764b92f-8738-45bd-9195-2f01eb953af6,29,Y-Solowarm,72aa8502-8b42-4eb3-8434-eb353a68dc8c
0e68e598-507b-4aec-b9de-6d9dc3b31148,30,Voltsillam,1e60c082-52b2-45c3-a7d9-ccb2347c2e96
e9b2382c-2763-4047-b08a-0843018d7968,31,Mat Lam Tam,faf65bb7-a198-44fb-84e1-fa94df98ed4f
e3e81b52-c9b0-476e-a94e-51c18740949f,32,Voltsillam,dd200891-124a-4529-ae1d-a294a1888810
ad18d2d1-87fc-40b5-99af-67b0dcbfa4d9,33,Zontrax,a476e5a7-90e1-40f7-ba99-c9a73eb486e6
102f64b9-2909-4706-af47-d3be5fd904b9,34,Tin,8be2002f-7579-4247-ba44-784c7c206ebb
0dc8f66a-e38f-47a2-ae6f-d628f27f252b,35,It,fbd55241-8f0f-445a-9688-531e1667be7b
04a7049f-b425-4170-a742-9140aa6ea69b,36,Alpha,15588a90-68df-461c-bbe6-35cc3b9b0ed5
3d974a29-4f6f-4f28-ae37-9f8b931faeb9,37,Fintone,cf5695e7-9ba0-41b9-9441-e790cde04d60
b42b8f3a-8941-48c6-a63a-b5ffe7615d73,38,Sonair,d5dcffc9-7f20-4394-81aa-a21902f7a7e0
e2a06301-ddd9-4c63-babe-fe956990b833,39,Stronghold,3c5be0e6-b1a5-40d3-afd1-ae0bfbb3c4db
b1a4f6eb-90c0-489e-9ca8-94ac68753dbf,40,Lotlux,f4d9cb9c-54d8-44f9-af91-c766affc9d87
b77d0436-a5e9-4f09-ac7e-c8126161ceba,41,Cardify,6278a364-878f-495e-ba99-9b6b4d8eca2b
879d5a79-6a98-4878-9722-022c52be4b9f,42,Transcof,6fd25c1d-8ca9-4801-8ef5-6259ddf22690
932b95c1-a15b-42f0-a992-1f7b7231bfc6,43,Ronstring,6e7aab2c-8867-4409-848f-0862b981768c
f7ed090c-25f1-4beb-a92c-6d20474a833d,44,Zoolab,ec73bfd7-2a10-4841-8499-517a79eac447
e81ffee4-1fcb-418a-ab3b-00d6986706f8,45,Namfix,51fce337-231f-4a14-921e-51ba6fd05224
137bd485-0984-4ec0-9e11-63ee64923adf,46,Tres-Zap,8bc12de5-838c-48f6-a9c3-656c6c55cdcd
09035e5d-2753-4cdf-a104-ba484e2d667c,47,Daltfresh,419aa9f1-e940-47cf-ac0c-a1ed8a68327d
57b1d877-bfca-4f20-80b5-c65fb7958752,48,Fix San,80980ee8-ce29-4ba8-8689-f6997f3e66ac
c2b42263-474c-4a14-a51a-501413797667,49,Cookley,acf72c8e-3c0d-43c3-a134-affc99e03c73
191ea3f2-03c0-422a-86f3-b8fe1f2bfdb7,50,Viva,626d242e-2891-4526-95c4-5e74b3fcd7aa
f80c4139-dec3-4e73-8590-cdaa671ac088,51,Lotlux,fd640edf-3601-4bcf-b20c-0ca14ef23945
f4d244af-151e-4c67-8fb1-861b6df9f6ef,52,Opela,6b8e2682-ae84-4538-bf29-3bdeb283b5b0
d9214313-30c2-41a9-afb3-96ec945ede94,53,Sonair,b4bb2a4b-83eb-448d-b39b-8deb81291780
cc82abe6-66c5-4bcf-8f9f-6bfe7158fc8d,54,Andalax,b3218d4b-ac63-44c3-8252-b10df2c2bf84
a7a1fc40-00a7-4950-8b56-298d6d41fc6c,55,Vagram,e6da754e-117e-47c9-94b3-061051969d12
f7771c94-ccb8-4ebc-8ea8-639e7920bb87,56,Flowdesk,431a6380-9ae3-403e-9d55-f0f4d9b8c4dd
debd7304-3861-46da-8b2a-a55bdf33094d,57,Keylex,24796a8e-77d0-416a-836f-e13c731d2f52
78b73b43-3ad4-4600-940f-22353f0ca5ea,58,Solarbreeze,e50c908d-cc4c-4bd0-8b9e-72e360bb87bc
6ff920ba-e01d-4089-89fb-50bba4d806a9,59,Home Ing,ff48b2ed-d5bb-4b66-9b81-a5a4c1cec99e
e024bc62-aa1e-4487-96ea-39cdb42e9a3c,60,Fintone,0a763b8f-e3d6-4899-b55e-b58e4ab2d1e4
ef1b8a96-9dec-49d9-a385-fcb81a09e464,61,Tin,91965c19-055a-4f48-82ab-8a695dd04a4e
3812433f-7a48-4b97-9480-a6d93569f1e0,62,Domainer,5f9d7859-b016-492a-9d23-3a4d08bd0382
fe7897f2-e7e1-4b0f-b72a-bb92167aac00,63,Alphazap,16c42805-788e-4a35-bb39-6dc064704d96
74b9eb0d-d92a-4f0e-8709-12726418b8ac,64,Kanlam,f897a563-e22f-456b-9501-2547fd9c3873
9579beac-58f3-4399-b25a-d2e216908458,65,Alpha,3e390e5f-d5f4-4e29-b2f1-4e8f7fcdec55
f0f18254-1087-4179-90db-baa17b734889,66,Flowdesk,3b889162-9763-4b21-b6fe-9463d1b39bf3
c875bdfb-5809-4f8c-8dae-7cb7a3fbfc2d,67,Cardguard,02944954-d04b-43aa-b912-ae3211c66f45
31bba8b3-9a41-494a-bb13-f9b7d8bbdc6a,68,Namfix,ddb2789d-ed89-4ca6-8903-774a279338ba
54a79fff-befb-4002-a57f-42e2b80764d0,69,Biodex,98bcc1ae-756b-406d-ac1d-1ad2b8fce8f6
1375851c-6fd9-49fe-9972-2eb0fae95b46,70,Otcom,1b8fecc4-1e22-4ba5-b134-839962c6961a
110f3b71-36c6-446f-8fb1-a7c60a898cb8,71,Cookley,035ff6ea-7fa3-4939-8d5a-6da350500c4b
202ac733-2d5c-4306-b42e-f88a3f07f988,72,Sub-Ex,a065980f-0347-4124-83b5-be0c28e48646
88357350-9216-4045-aec6-60899032ea1f,73,Fix San,32cb65cf-58c2-488d-bc0e-5b6285a269ad
06bdaaec-8f0d-4e39-8b6a-e9065437c793,74,Zamit,91d9c980-a8aa-452f-bbe1-31fdb2cc3f4d
190fe0c8-f249-4b96-b512-f3117a85b387,75,Lotlux,920505c9-8d77-4c59-a511-0e6f4b63aebc
d75d83bf-46bc-4b19-970f-8f52ed3be67c,76,Stim,d29a55dd-8d73-4d3f-97cd-0be60c93c2e7
5fe76e73-d857-4373-bf82-0d0af65dc76a,77,Stim,1ae69c72-ef93-49e6-af43-4cc14007d7ce
02d21960-a99a-4e3b-b639-978a068d94b3,78,Daltfresh,1ffead54-520c-4e52-9f3a-7f0ab4cfc034
a9de22cb-39b7-4e66-a640-80ef043bbaed,79,Ronstring,2e39909e-3bbb-4e1f-9f8b-d4c28448e827
58fd53cf-0bc7-4a6b-9337-51fedad573cd,80,Konklab,effe7acb-0b5b-47b3-845b-6339c2afed8f
070eb18b-8951-45c2-b11b-d46978289250,81,Overhold,eb206f5d-871d-4885-a846-c1823bf44e1a
e70b95c5-cd49-4299-934e-eac0ee6a8c82,82,Stim,389e697e-9413-4971-9afb-247ee478bbf7
e76c8e5e-e31c-4b54-a84b-3715cf1711dc,83,Pannier,225704d7-6d48-4c59-92b6-9356cb12a8de
dd98fc00-67d4-4684-ac8e-eda099210d79,84,Solarbreeze,73f121fd-93fb-4874-b035-cea9b2348cc3
44dc27f1-5a84-4fcf-8002-9fa630baf797,85,Matsoft,b7432147-171f-4110-9c42-89db31805f70
ceaf0e15-bc7d-4911-8ad3-5e3d8dc54699,86,Tampflex,c0945b5e-940b-42a9-a8e1-1d669d894261
c154f1e0-70b0-4e4d-9fcf-be84ddcf4c21,87,Cookley,c7feef8d-1caa-4259-b4ec-8916d7a98afd
16be89ab-5ccc-4e53-9ab2-14fcf31692e2,88,Sonair,a77da2c3-42e0-44da-af13-7b32b69f9e9d
d8ba3b16-21b7-4e6d-aeda-554f06fe6666,89,Matsoft,1b7c52fa-5606-43a1-83da-d682dfd356ce
49af8dad-89f8-4988-b1a8-5dc06c4ba096,90,Bitwolf,6e16a49c-4bab-4c06-a316-e58e167e228d
1b280d70-ed01-4e68-9f65-c951ffd1e1e7,91,Regrant,341adc22-b044-40fd-8ab9-96a6c97d7657
71a4c524-20e2-4a68-b102-fc76828fceea,92,Fix San,7b138178-754b-433f-a777-ceadadd3277f
4c71cc86-7ed0-44ea-95e6-33c417c65539,93,Stim,dceea787-fde6-4768-ab05-3cd5f766af51
f422f6a6-39d9-454b-8283-49084a866fd1,94,Rank,6c55b639-8e0c-487f-b389-53c2d5aff5ab
bf5994d9-f9ba-439f-b555-2275ce588ed6,95,Hatity,d4c0bb08-e949-4377-bd23-c1e5123c5289
98d6f025-dcbf-48c8-b23c-0db23ee55990,96,Konklab,e8014ad0-ed16-4f8a-80da-89d0742773c4
45793772-cfd5-4212-b6c0-bd940a3bf9af,97,Bitchip,3d1916c4-653e-41c2-8c2f-e2706fdd4904
9278ce4c-7bde-4171-89a3-82c965a456a4,98,Home Ing,179df5ab-8494-4eff-85a4-cd0e6d982b70
d7858575-1b2e-42a7-a09f-f14468b26bc1,99,Voyatouch,bb0202da-f196-4038-9b87-d0fc5794d15f
cc44009e-b57c-436a-87b6-cd6390c7f773,100,Sub-Ex,24d330e8-9333-4cb1-8f50-ebbe04070fb5
d09046e0-7a5b-4d64-a088-be91fac4ca44,101,Toughjoyfax,5a3e82e3-df42-4626-a739-19cbd1b2411d
811f796f-8c5b-4e83-8231-0be0040d3d03,102,Regrant,13d68617-6e46-4965-8965-9645399a8325
aa0f89e9-1dab-431a-87fb-407f8b4d6d75,103,Sonsing,c5ef9d04-d95e-40a9-a19d-99fe20bfc634
8c2c644e-bb57-47b7-845f-a145742cc78a,104,Duobam,533f76c5-c38c-46c9-9624-d8082d097657
41d5cae2-a65c-4027-a6f9-0d5c1b3202fc,105,Aerified,901085b9-04d6-49d8-80de-df1c7a7a59ac
5b5c2f4d-cb64-4353-8441-7ee7d7009cea,106,Prodder,218b07b7-3354-436f-a432-5e6269ff0978
228c3a18-c934-4481-a3c1-7c54780dcc5e,107,Wrapsafe,d9108c10-1f69-43bc-a4ae-aa8f73571914
c52eba94-3924-4639-9f8d-80b4abd3eef2,108,Zaam-Dox,d3a5b11a-46e0-4c37-b1d9-471554262ebf
1ca75a65-09d9-4144-8090-a83a328827fb,109,Fixflex,c0311e2b-b35a-4e4d-bbef-1912aec9befc
f3aaf9e3-0fc8-48ff-a397-d3db882326e5,110,Toughjoyfax,d1ee6bb3-bc1a-4fb3-8e84-9f40f16454dc
c5466356-027f-4ab9-bbfe-43728432e600,111,Zamit,f414484a-de8f-465c-b925-d840fa9dc022
236b3838-1efe-406a-99d3-9a302d325e7a,112,Quo Lux,861f6141-03a8-4665-84dc-1d51420d7e2c
9deb2ded-4914-46de-9bfb-1e97dbccf6d8,113,Voyatouch,ee6e7cae-df56-40ed-8dbf-92d82f152d7b
7d58a2de-f8b8-4add-9599-63034c3df18a,114,Temp,427de762-cbb2-4739-b9b5-ddb9747c7bff
48371afc-db1d-4309-91b1-d5295e0a3db5,115,Holdlamis,04c7c661-6217-4fd3-b376-789ce58ae398
eb7c97f5-d799-4db6-a441-3fe19c943567,116,Ronstring,abbd6332-4732-4c4e-b295-2a21816bd6c7
f967f0f7-ebfc-43e5-8b2d-4835b3209941,117,Latlux,86567771-207e-4924-8914-5e4aa1a1a42e
f21bfd36-06d8-48e8-a77d-65fc0956d592,118,Asoka,3b93447e-00e1-4699-b945-e7fb992c8709
862d098d-b601-4f7f-95dc-db7395cd514d,119,Namfix,5b11038d-06ec-4d49-b6be-f78d6ed2bef1
ce161cf3-de34-460b-88db-081f3d175e48,120,Redhold,672c0946-7f75-4bb1-985d-413af71393f4
09f54bfd-eab7-4125-bbc8-be73dcd1c728,121,Voyatouch,ec8e329b-c3de-4159-8706-71f09c0f2234
1bf828c4-56e3-4381-bb04-4da0c406ddd3,122,Bytecard,9fd76a1d-8174-4439-a8fb-6fac1ada0fb5
e38cdab8-4241-4c5d-9a5d-747cafeaa738,123,Stronghold,0624dff9-2b21-453f-8cbb-d887fa77d9ec
b5de0656-7b2b-4cb6-88f9-f6909c958822,124,Mat Lam Tam,666409d1-315d-4e73-bd56-ad69d45285ed
716eca99-c1c0-4d61-9f8d-9ba8520687e1,125,Transcof,afec1b57-5abf-4c3b-a824-15e2a1902be1
eda96266-ee66-40d9-972a-983841727de0,126,Asoka,d672d9ac-67af-4ccc-89de-f1df3c58946b
6e199e05-ba70-4f5f-adb4-5b24f0376984,127,Bigtax,b81beeba-0ea9-4622-902e-3e7a4dd50ba3
5b7d43c5-fce1-4ae6-a479-b8ee64e6870a,128,Regrant,ac735fa4-ac39-48c3-9ab6-1aced6f61d4d
73cc5ee6-4531-4037-9d63-e264522052e2,129,Ventosanzap,62ff4615-f92d-4eb8-ab59-e3b3f4d6c4c5
462fa84e-b8de-4937-a67e-bebbb1571819,130,Latlux,3a9ae700-fb61-4107-8370-d65c644bc7cb
87ad7de9-369a-4034-839d-6e64f09fc917,131,Fix San,903a6b18-a4d2-437b-8e79-8dbac5739dad
640558a1-e89c-4ce1-a808-bea1a7f9fcbc,132,Holdlamis,3b0575f2-731a-4dbb-8e3b-0f8654b0a47b
607f5d09-8e5e-4092-a88d-0fbf01cf5e6f,133,Vagram,6fa4f868-dcf7-4d23-9c00-5323591faa21
a445f068-09dd-40bd-ab34-a7a4158960e3,134,Subin,3465985e-77df-46cd-a071-7bb9d399a098
a4f5fc87-7d87-49c8-ba60-394a24d283cb,135,Sonair,b2a5ed24-8623-4a92-a442-b8914ab7f098
78fc4722-144a-4a5b-a080-56380ddbfa79,136,Ronstring,104feef0-8a14-47eb-8346-3e1253d2c9a7
50f8932b-d31a-4783-9993-a1b54e345e0e,137,Bamity,eb1bace7-94f5-4a37-8994-0967338cd987
5cc675fd-421e-45d0-b28a-c911b05a7e0d,138,Hatity,df2fdf58-b2f4-48db-9648-7849b3a663b6
e8dba336-0842-49a2-b39b-f07dfb56a30a,139,Bitchip,7864f2ff-7615-4b9f-910e-dbfdaae076d6
feee1484-0a5b-4317-a949-33a79e2c802d,140,Konklab,9c3e9569-284f-4e80-b6d4-82e8aaaf0fb8
c1ca9610-89cb-44ef-81bc-6f690288dc7a,141,Biodex,683d5ddf-ba26-4455-8017-ea24fb44e845
84b05104-afc5-4e36-bef1-1013d582c6a4,142,Quo Lux,900c3840-e1bf-4c2e-bddf-8ab783c6ef03
5e40e681-7f54-4e3e-a8be-6c214fa0ebca,143,Ventosanzap,442690ea-6e3d-4e75-ae1e-5bd13a36e1b5
f5a6b80a-5f89-40da-8515-27d647cb3c1a,144,Flexidy,a0ce85dd-6e60-4aea-8e27-ad33961919bb
4895dc4d-422c-4bc2-a9e1-83923995f2c3,145,Y-Solowarm,abdc552e-86b3-40fd-9ebf-a57dbb4acf87
19ec80ba-fc03-497b-b415-6abf9882f54b,146,Daltfresh,b4fdacb7-af9f-4d66-b788-0d7fa7b89576
1a7c285a-b3c6-4487-951d-2d54630dcfdf,147,Domainer,40fe903e-4adb-4ea0-94f7-75c27cf5dfb0
582b1238-8ac5-412b-8eef-14b8cd53f866,148,Bamity,c7f7dbd2-f722-4b1e-95ad-840cbdf9a53f
a632ffad-0712-4537-80ff-cefb373bd143,149,Bytecard,ab95be75-9f1a-49db-b8bc-4cddf8484c57
890eca3c-712f-4f28-bda1-43bf09713aff,150,Home Ing,faa7b3a5-206e-49ef-854a-3df8dffd4dd9
b96e128e-a02a-4f62-8715-dae2613869d3,151,Voyatouch,9e995f27-fa0f-42de-9c8e-d1a48345a4bc
89e24fe8-8ae4-4560-bf06-3d7fc6bc3b54,152,Tempsoft,b4bdbbb8-9b14-4567-996c-b9c2bc6c11c4
1a58c504-eb58-46f1-a621-a78ef7f05770,153,Gembucket,cdacc623-bd67-4ca0-8bb2-1e01b0125b85
c763e544-f040-47a2-ba45-af41b625186d,154,Tampflex,307129f5-9775-477b-acda-1f740eec903c
ad9a67ff-fa24-4c67-bea9-c404f42d8c5b,155,Hatity,76c59942-9704-4725-8e62-9a99c37a2219
2ddd2e5e-c979-4556-9bdc-ef45c72408dd,156,Rank,141197af-8bbb-434d-bd46-e2b23423306e
06fd2be7-807e-4cae-9c3f-dfd3993e40a0,157,Keylex,15bb91a4-98dd-418e-9add-473259ceda79
12af40db-3a9f-4bb5-a2e1-6cbcbde37bf4,158,Voltsillam,b3f4fb93-7530-4d54-8d2f-83b80b553f95
69f013a4-886b-43c6-aef7-9e063f2e29c3,159,Matsoft,72882b14-a7be-443f-938e-561d1ea65141
f54216f3-e597-4f0e-b0e1-d9accab3acc5,160,Alpha,d21a5064-7b9b-48f6-8e13-87f6ebac15a8
51580a3b-a74f-4bab-8931-850e607a808c,161,Viva,99314f2e-199b-4f44-a47c-5ade9e2ab635
122e548c-f45c-432b-9f5f-082c770571e0,162,Opela,0cd3a82d-ee39-42fa-b367-a6b60068040d
4ab44733-17ce-4086-b98d-9719529c04a2,163,Domainer,b2acfb54-a3cb-41c3-8a81-7d5af8b08201
8a2bd507-4a22-4e2e-ad67-f9987c5f195f,164,Konklux,9741decf-34fa-4875-a879-75909ec3bd90
98fa9aed-fad3-42e2-a535-b14dbe92266d,165,Tin,43d39263-3f65-4c79-87e5-96f88f9df518
5616b060-ce09-4591-8407-444a231bed34,166,Redhold,3defadfa-9f0f-49e5-9fdf-2bc20a4bec04
4809f35e-4142-484b-b9fa-c8ab63886a4c,167,Keylex,76333b7f-fc1e-45bc-82dc-18fd69e5a66e
61b03fd4-f48e-4eb5-9c5a-2b848d318681,168,Bamity,8c82c32a-fbc4-40c6-9a1e-62c1ca594e61
7d480029-11a0-40b2-98ce-712a1e8289a4,169,Temp,9e8ce65a-27d9-45d1-a0bf-676f63969d9b
b51d920c-7a45-4fa6-b0a5-95225337d200,170,Duobam,a27f5ffe-2e96-45cf-85ad-3a9ebb218aa6
a2ce9493-2a4a-4d3c-b396-b4959ac9937f,171,Alpha,784966b7-e741-4af0-a06a-bf782510469c
1cd75b83-81a7-4391-ae35-9240e887840a,172,Fintone,fda27a0f-de2b-46b6-b453-5223c7145885
10b8bcf4-3bd4-409a-a34a-6a2735a16b58,173,Stringtough,c6f08223-f1d7-4a84-90ad-b0fda7083f2b
5242c2cd-ca5c-4346-a4af-117f871a71cb,174,Hatity,8f8ae1cc-4bd0-4279-b138-44a70214d3f9
43d0b852-c71e-4e8e-a2f5-a2fe71a9c0bc,175,Rank,78a98d4e-2452-4039-a428-7c2f9bd2447f
06deb0e1-f675-4426-a45b-a2e95f1a0e7c,176,Redhold,92cf4c12-a6d2-41d8-b894-dace48d80072
3a3b1430-69f5-4527-b397-ba96f1327238,177,Job,94e7beed-78dc-4ce4-add1-7aeaf7d27676
0972a8d1-0534-402c-ad60-0c5585b068d7,178,Biodex,516d1db7-6247-4e0d-b638-09528d68311b
1f57f950-08b5-4469-b63f-2573ff6950e5,179,Tresom,71bbb4f4-502f-4e85-8a57-ce2cf82d7988
f19cf1f6-8429-4103-90dd-efa8f5a3fca0,180,Voltsillam,289ff615-f732-46ad-9912-5b97d6ce3980
505d6c0e-c4b1-4020-97f1-e6d5651b967d,181,Holdlamis,3f86ea83-968d-47b9-b632-77f4ce3b7a99
fd720afa-68c8-4622-b5f8-4232455b01e3,182,Namfix,30052abe-1faf-462b-8c55-9dd58835310f
665bed94-e232-4243-9660-17d46a08be4b,183,Treeflex,97edebbd-844f-4f01-891e-7be743074053
ffb34859-ed26-401a-83d9-f4aa642a0985,184,Keylex,3cad1203-2b71-44b3-a60e-689224c8a0d8
7bfe860d-cff5-46be-810d-55a2d4471d77,185,Kanlam,d5d981b9-40a2-4a0e-8699-760c31531b26
ed49fcba-acd8-41f0-84e2-c245f04f8a70,186,Tresom,46113bab-2244-4aa1-b0c9-fa4b7a71096a
9c331f84-4eeb-414d-afd0-40f219140b13,187,Cookley,c5019781-73de-4c48-bc1d-eabc884e52c4
e2f8e956-ae0e-4dde-be98-34b87edf5d6a,188,Lotlux,aae6a4ec-843c-4fe1-b721-af47c97fadc8
53c2d7a6-624c-4ea0-80bc-1bbeeba312f4,189,Toughjoyfax,84ec132a-cdd4-4be9-a3c0-818d58ea064f
01c82a87-78a0-44ae-b3f0-4b803b369c0a,190,Lotlux,cbd78953-988b-4526-a673-22467bbd8224
acd63897-0152-4541-9c34-9e8a51316725,191,Keylex,66ac9b98-553e-4f0c-b493-7e95696b35fb
6d132c26-3d1c-4605-92e9-1dedc376ef30,192,Lotlux,db8f8feb-b55d-4326-9f7e-79c26dbafd9f
79df4f08-5260-4ced-9edf-a45b3f5f10b7,193,Subin,dda2fd56-8b44-43b1-8570-b0788854e648
536817c7-cc21-4b7b-a464-005cf6031fda,194,Zoolab,60d7ccad-3445-485d-942e-630ec5e02845
b35ce4cf-1172-4d1b-b6c9-e9bf593adcaa,195,Domainer,45dc6dbb-99c0-4e92-a4a7-6e52fbca642d
2967adbf-e513-4075-b399-b7d056a2c713,196,Subin,42dbe272-5c1e-41d1-bd12-54ddbaee104e
46580469-df01-411e-939e-3c10046583a1,197,Fixflex,906c9b9b-5c3c-42ce-b109-52a138c066f2
2971ddbe-6e09-40c6-81c6-fdcc6fc35aae,198,Opela,a8cfc855-f73c-4c0c-895e-f451305d5757
e7e54bf9-2ad0-43c9-98f0-880af2a2f9fa,199,Hatity,e3c15ba5-1483-4d79-acf8-d6cf73c43c00
2b1088a1-c9e7-4276-8e34-957e848673ea,200,Flowdesk,56a10592-e0fc-4293-a4a4-af951a1977ea
967cf37a-8d07-42bc-ba46-bbf62257fbdd,201,Rank,91357f66-2cf1-429f-bfaa-91613b57438e
fe385e4a-fa34-4cff-9f10-2472125dbd2e,202,Trippledex,f0d256e7-f310-43b0-b531-d9c190796962
5f7c136c-d894-4a5b-be38-31836c1e7723,203,Prodder,e7c7e6f5-0a77-4c03-b589-8fadf3360cb3
1ad0dd2b-5d74-478e-a025-38ec0778f4a3,204,Prodder,3abad476-701f-4dcb-b125-603cdcf70667
8012afed-c3b7-444a-9763-25e10c3b9adc,205,Temp,e56731ec-f318-4d6b-9f07-0dcefef5c140
b98503e9-30d6-429b-9c2f-7770a1742048,206,Ronstring,a7524be8-429f-48eb-8e28-4c58f29f420e
ec499042-322a-4d35-8562-423e27446ab5,207,Tempsoft,c4bec8df-d22f-45e6-96be-632f2f019f93
1b6a3af6-901e-4119-b1b9-3710d5454fe2,208,Y-Solowarm,240e93ec-4a02-4e7c-81cc-f668b1183f20
fc97f5fa-24db-4ae9-9401-b64b7fac64b2,209,Tampflex,9e3a3b16-5716-410f-84b2-2860aae03dce
52f51b6d-ab56-4d09-941c-ab57d2ec0e8b,210,Biodex,b8619c05-9a27-4e98-bf40-493f2d0e12b8
a14f6434-4df4-437c-8b1b-6fa8d4ca5825,211,Fintone,22809f82-7e3c-4b1b-98c0-0f436e816b13
66ab003a-f003-4fd2-8310-a7effc6ead30,212,Bigtax,c8cbe2f7-4171-451f-8406-93627d78efc9
61eb0cb5-d461-4901-a1cd-662913dfd950,213,Solarbreeze,cd1a9f96-3a8f-42cc-9529-f1f9286e031a
f8db7333-b3b8-442e-be56-bc3614c1041e,214,Aerified,1b0dd1d5-bbc6-4e9c-9e3e-92c1b1d23617
cebfccda-863b-4275-a0b4-2af3d2982940,215,It,e357fd73-dfeb-4da0-b958-58fab42efc26
efc667e0-7fb0-4ca1-b844-b055c27066f7,216,Overhold,25bb44c1-a026-477f-b6a0-90462538821a
456e7b26-f323-4335-af99-ec104ffc7593,217,Andalax,8fdfa168-ac86-4974-8819-328c27938986
3db9da1e-ad87-4982-923f-62319d2f79b6,218,Bitchip,c6f2b5e9-7fb3-4f13-aa9b-df8d6c398d58
8c8acf5b-7bab-4e07-ae6b-13afa85791ea,219,Fix San,d3273b36-d429-4fbf-a8b3-18796fe96f48
d87bf57d-a136-4c9c-bb94-aea7b95bc531,220,Prodder,2238d38b-c14d-482a-9dee-b587e1845c30
28018518-e6ec-4722-adae-2ef47393ea7d,221,Opela,660a80e8-5fcb-4216-89dd-849660eafa77
8e0de2f7-3a9d-4322-8215-950a482efcee,222,Voyatouch,26be8a79-bc62-4474-a29a-567742aa65ca
860ed455-6cef-44bd-bba9-7f183fb14bbd,223,Latlux,8c1b0e5a-06e4-42a7-910c-9347fbe3ad94
b500d8c2-ab3b-4860-8de4-84b952146586,224,Domainer,e63b362a-c42e-4924-b021-40d5c42d6297
0c644d2a-3af6-403a-a9b1-73bb4f0f5f7c,225,Transcof,36dff559-cdba-4184-9718-c220215fc274
b02b7fa8-e812-4b7a-85e0-f17e8d76bab0,226,Viva,caac04a3-3b1f-4c96-bdd4-a24bf6071bb6
8783c1c6-4129-4a79-96c4-a16cf71a1337,227,Job,3df98f3b-3af3-49ef-8579-ad08a1d151d4
784e96fb-6a10-48ab-bd8b-0c4acae83b88,228,Span,59d4b70d-1df7-429b-90da-f5b177cfa047
92089309-4d37-471b-bdfb-16acc6905761,229,Prodder,b82a235f-5ea0-4ee3-b73c-be39b1e1d9d4
bba40a1b-c63a-4fed-82d7-91dd1d047d43,230,Fintone,c24e5717-8cb6-4ed0-b5b3-0de9e2be3458
1c3c7e63-7421-4a7a-8aad-471a339324ed,231,Duobam,ea9de583-605d-4aff-9158-aa0843ff57b2
a6efa8a1-f6ff-4959-a3ef-fd33ec32ff18,232,Solarbreeze,495f09a2-10a5-457e-acd8-4a4b06e91553
b4ce4812-4180-46dd-8210-2f66031020e3,233,Biodex,f1ece004-bbf8-455a-be2b-37c5a96d12a5
c2433980-e3fc-424b-be30-13f456dd2701,234,Sonair,a94a05e8-20a3-4558-89b8-e2fe5e2d2985
65bc6563-71bf-4e2c-805b-fd36e4e14710,235,Job,995b4a41-e972-4ccd-a5d2-bdc6135aa26b
ec2503f4-3d45-493f-8b5a-6dc05fcd7944,236,Zoolab,63428ea1-da68-4918-99e2-6adcfe3444b7
98675f44-d06c-4ad3-82c8-ad260dec7db2,237,Ronstring,06cb0502-acbb-4cea-b29f-6fefe318a0be
55c51328-9633-4ec2-ae62-b3d1c9cd0729,238,Transcof,ec4e3223-c870-4db2-80db-90c84773eb81
4075c03a-c622-4404-869b-4c923c3e4f1f,239,Domainer,57ad4e39-19cb-431c-aae6-8caf83288797
66e563a1-f9a5-4b0c-be2a-d9af22c79925,240,Sonair,dd95d817-50f9-4566-8b7d-efd1ab6fd002
4714b192-4bbc-4dcc-83d7-f01402bdfd94,241,Trippledex,a252ba7d-8787-49e7-bc78-af364503153d
96f60cb3-5b44-4e4a-826f-fabd44c06343,242,Bigtax,4ea4165c-1abc-47fb-87ce-dcc1ff0317fc
1a403a62-ed95-4db7-bddc-a56e3f8512c6,243,Otcom,fc6b6483-4a6c-437e-b173-642642d0b467
44f27824-8ecb-4b5b-9a23-8523e3c40a7c,244,Asoka,f5bfcac8-e077-4703-ba7b-9cdc3f12793e
b47a7446-c4f7-4668-a88b-7d82da5844be,245,Konklab,38ab99a1-dd86-48cb-a502-028845f72030
06b02301-d344-4478-85ce-712cfaed85de,246,Overhold,ff6e9f79-2b45-4def-bd92-e72b5a894eab
6a08eb94-2897-4b24-adc9-9449fd0978fc,247,Zamit,f0d913b3-9696-4b84-8694-7f3236c9bcb4
bcf8c9ea-b6c7-4ac9-8381-95dcd6cb2a7f,248,Redhold,b662d023-c537-4f33-af88-0781b9d2d5a7
c1cdeb32-20f8-4493-a285-53d75b0d21cd,249,Vagram,8c8ae04d-863e-44de-b04c-bc3d652691b6
a71b2cf4-025a-4fda-9760-53661855ea23,250,Matsoft,1038f933-1320-4d70-8d18-579ce9a53159
4d64633a-4ae3-4559-a96f-02d8a3a582f4,251,Latlux,40ff212a-8707-41f6-b17c-1a92cfc4e58d
5d8dbec3-41b7-4f88-aa1d-5968d4162fde,252,Andalax,96cb20c4-601a-40db-943c-ba1582d7d357
698fea81-756e-4b9d-8861-02026badb66d,253,Sub-Ex,092f7e2f-1d10-4faa-9819-ce50b4e5816b
5fe614d6-09d8-49aa-b1b4-54076698462e,254,Andalax,617225ae-9540-4fa8-a000-ac54a625c9e9
63a6523c-e5e6-4142-8752-f733a39d0978,255,Flexidy,796db7d9-8f07-4fe5-9a43-c112cf597366
315a0753-52ee-41d6-8d12-42ce65efa098,256,Quo Lux,17a28f89-748d-40c6-951d-aaf5a97f6456
ca99333f-e1a5-4e23-a679-c733b40caf63,257,Konklux,85e6d247-afb8-4162-99e3-ee0c735164a1
d5d287b7-269e-4e7e-9910-87ea380dbfd7,258,Temp,25ac849f-2df0-4b13-ae8e-0c0e1a823ee6
d18ba87d-4992-446a-b33b-980f5ded6a30,259,Aerified,9fe64c43-de24-4fa9-961e-6e334e0daf81
4a96ab51-fc53-458a-8780-733377285615,260,Tin,9aeb03c0-62e1-4897-8e9a-6fe7949fef63
9d4f07ed-a41f-4794-9524-5bd9971baaaf,261,Span,d959a99a-9907-495a-a891-e5f9ed817823
b2d4f45b-e459-43de-8655-325ef1033d8c,262,Tres-Zap,128d83eb-4203-42b7-b050-2502b7d74ca0
74d748a2-4416-4030-8cee-a756eb84812d,263,Rank,f3fcf480-9d59-4a45-8dab-06a333ae2353
66ecc745-9c05-4c1b-be25-cef875371b7b,264,Tampflex,9926c762-94e9-41b8-bae6-4148c8461280
437a09b9-afbb-42db-a120-f9ae7e1b5c94,265,Zamit,be1bb28e-a0c2-4f39-b5ee-51437c39f486
e9302ca0-fbb9-4579-a2b2-c918491e9ed9,266,Lotlux,68cc4527-cf47-428a-be4c-afcf1857baf5
b0a73e9e-643d-48d6-9ed8-646ae5df6f65,267,Matsoft,b2d90b8e-dbd2-408b-a88a-5c9572bbec75
076db71d-f223-40b5-bb8d-86c2e41c3177,268,Transcof,54853f68-230a-4cd7-b4e0-f905346e6090
c390d7ca-ffc5-4bae-8125-e86f2ff235fa,269,Redhold,a2853592-e382-4ffd-b628-74ba02b2a2da
a6f90a17-c325-40cd-ab6c-24a5cfc78133,270,Zoolab,ef1ef3bf-da67-4203-88de-d5e7c6c4a2d1
d5f64469-099e-4f96-b09a-14c269d4a4d6,271,Redhold,ff075356-4214-4470-92a6-15bfa900b392
a31b40c7-79fc-4e71-9cdc-fa5ec29169ba,272,Rank,b98d87d9-90b4-4b63-bdc7-18a0a8b77de7
63af1f93-a669-4339-950a-34a7256240ac,273,Job,60c1eba7-829e-418d-a07f-9a9193489a6b
d86df77c-b69f-48cf-8ccb-355d164e9b8c,274,Biodex,ad46d3e8-ed33-4f8c-b11a-63e7a37164aa
fa3459b1-0925-4b1c-9ea6-2d508897e021,275,Keylex,19809ef4-70f8-488d-8475-d514d88367ea
a597d954-c2ad-4d18-b84f-ba87175eaea1,276,Wrapsafe,d30e28f4-2cbd-45bb-8b38-4da794bbad10
5724f543-f759-4372-9cd9-5010d07e1aaa,277,Tempsoft,f9900a2e-3409-4ed6-8838-b9fa0620eefe
65b27ce5-5a61-450b-b334-cdad156853a2,278,Redhold,10d74836-3db0-479a-87dc-ac637048f237
2643d042-db98-4fb5-a600-6b06efc247b7,279,Cookley,fcae7f00-d99d-4fb9-bc6b-ab6482e43c31
70fdbc50-edd3-455f-b840-21e9990a81f3,280,Vagram,740c3226-bf58-442a-8c89-8aeabddfb69e
be56cdfa-1545-4483-bd85-20b91579ba94,281,Asoka,036215fd-1a88-41d2-810b-e7540403c516
e932a752-dda3-486a-9519-0dd11f446d69,282,Home Ing,9956e1d0-7b50-48d7-a797-eecf91229fc7
61094871-872d-4491-857c-60a766348147,283,Tres-Zap,82795e46-2289-4cc3-9e1b-b74f463f3405
bfe2abc6-79b1-41aa-b8cf-2679e615a6ab,284,Cookley,fc563860-2593-40f4-9667-1ebb746cf796
6da2bfc9-807e-4bec-8333-f342e8bd7246,285,Konklab,f07688d4-fbf0-4412-8885-94cfeaf43475
5bac0379-53a3-4eb6-b076-525777e8e4f8,286,Alphazap,f50e433a-54dc-443e-87be-46cad054f7b2
32d88ec3-88b4-4761-946b-7e654e350803,287,Konklux,1083f225-2533-4b08-b09e-3351f7237d41
19f8e246-bf2c-49e0-9675-d565959e95fd,288,Regrant,843f5c6a-85f1-4247-8b15-f9764f778dc9
6d7f93e3-b487-40e0-a13f-bd5713819a61,289,Trippledex,b17f8036-4dd0-49ef-adb8-af0040fdc5bc
f484bfe0-cc2a-461a-b073-be98491737e9,290,Daltfresh,6782798a-9d67-42a0-83d8-d74f89ed3b95
33d38d45-02ad-4b00-9432-3f8919e01fe0,291,Veribet,b7c055ed-32c3-4128-9a12-4d739214644c
f7a55be5-5a8e-4846-b919-96d98416bd87,292,It,eb883a8e-ef63-4310-ae3b-e2d508d408ed
a13fe4f1-6adb-4c13-8c63-4d6591a7417d,293,Tres-Zap,15c278c1-5cd6-4b0c-9901-a5e5eb92618d
d2b32754-4779-405c-b1cc-f8f0fdf78ad2,294,Fixflex,bb3055fd-9f9a-41ff-972e-bba9bfd2b5b1
a31529d3-aa22-46da-af24-5658f2e1bc00,295,Tresom,68b1eeaa-317f-4004-ab4a-ffbad09668bb
321aac1d-8351-4fb5-8d49-270f575e8981,296,Quo Lux,a27ba667-604a-4aca-b415-699d99142b99
c455b4a1-da5c-4e2e-abde-57dd23934591,297,Zathin,e7a38da0-a528-45c0-b094-2e4142faaecc
3171abbe-7a2c-4f97-8dfb-1a0d7b7ee3fa,298,Bytecard,20d27872-53e9-4b93-ad11-c2a45dfb8330
f8897230-c7c8-4f7c-95d9-cb0627f5d471,299,Cardguard,c9301c25-9863-4d86-b493-7e896576489c
8bf48472-e19f-4d66-b9ad-74de2cbf551c,300,Fix San,eb228991-613e-4e01-ada8-d7fd410a528b
889967bf-171c-4b47-9c95-01da0aefaf39,301,Overhold,6537a371-1428-4ef2-962a-a2ff657d1e79
20ddaf42-6338-448d-a9bb-baf53d40f111,302,Stim,f5d3b137-da38-4140-b49f-c9f05a099059
5935df85-fc58-4b21-83ee-439e1e974190,303,Alphazap,75b776ff-c0de-4459-8d9b-ee710ac6a64e
6027f6dd-3a64-4260-abc2-b71c1c3bc314,304,Bamity,abb71cc1-4643-45ff-9b37-61eb8271766e
85ac365f-ff32-421e-b2b3-3624a70b3d3b,305,Home Ing,ef27270f-c428-41a2-8c8c-cc87c7c86e89
d444c6f7-9441-4095-aab0-4bead32c9422,306,Bytecard,bb89724a-a701-4026-9d8b-e4b8b3b53c1a
59250b03-890a-4564-8229-77ed8a1874ff,307,Bitwolf,d26c8ae6-0750-40a8-9670-d34a627a9b61
d7b98a36-7dcb-47c2-a582-0c95efe0a888,308,Transcof,f8e866c0-56d5-4b72-aa24-96a90ee96098
9daeaa8e-6a24-4927-8433-2dca9c363549,309,Cardguard,a22aa7bb-68b1-485d-9569-071fe364b740
254bac18-3d3e-4cf5-b2f5-ad01e4c6434f,310,Holdlamis,27a926d8-de8b-46da-9c1e-1b2daaab141e
31ede149-93d8-4568-baac-1aee5034ef1b,311,Fix San,b3bc131a-6312-4380-bc9b-67e16585dfa2
90bee34f-38d7-45f9-a243-429cac930518,312,Tin,73261a68-771a-4255-8db1-026719099f12
c7731e86-79ba-4bf9-8ddc-319e9aa58f32,313,Cardify,5f51ea51-e8fd-4d8a-bfd2-bb21d8f0735d
ccfbe859-d4f5-4971-9a0a-2da9291ab5a6,314,Tres-Zap,c9893535-91ca-4ab2-8d58-0d33401f46d0
4b2ffdc7-236a-4e2d-8255-37673a657c13,315,Greenlam,53ea673e-f7dd-4e6b-9524-39d1bc2a4e02
0fdbc718-1db0-4ad7-8806-69b51f08e783,316,Cardguard,e38181a9-2c6e-4dc1-b8c0-88651a583b1d
819ef7df-ac24-4eed-844e-d58eb374f352,317,Fixflex,5c88e951-83fb-4554-bf72-90a99e6b4d68
bcebf57b-bf01-4f2d-a980-c2db33fba9bc,318,Pannier,1d4c80f9-9be7-43de-adcc-d693985db65e
2ada03c9-015b-4dbc-8f0c-798fc54f5165,319,Y-Solowarm,cfd44064-435d-4618-abfa-8a1d6f584b99
9928b13f-483d-4293-84ed-5621ddf520bb,320,Pannier,230f7033-1a6b-4efd-b0aa-08ed35452ea1
4b9ffed7-8c16-4def-a34f-4e25700f546d,321,Stim,fecd55b5-a165-4985-ae75-55531a82797b
8737d637-86ae-4d58-b512-9695188653ab,322,Tresom,978757a3-727b-4858-869d-8e9daa16f9ca
ecd4404a-99cb-4dc6-9510-d133536db27b,323,Stronghold,762bd679-478e-4d81-9d57-b994e330b291
70c6836c-e1aa-47cf-a9ab-f976f6e36d2f,324,Tempsoft,d1c10e33-6f7e-4537-8fa1-835d65b86204
fcc556e7-9372-4b5a-b668-630bed75a0f2,325,Fintone,28dcf675-50cc-44c2-a79b-993ee9e1df0b
824b4924-c75c-4982-b881-e14ff71c33d2,326,Matsoft,1ebd7d18-8e9f-4332-9cd1-62c5b6970f39
2aa87fba-76cb-47fb-8410-9a2728439ce4,327,Wrapsafe,96e5c2b8-f81e-4fbe-9e05-a018c01144c4
acb63420-e866-4d46-9152-e00524e96952,328,Tin,490d9511-a25d-441e-aa7a-df9dffb9aeeb
cdc821ca-4058-49e0-b57c-2275578e0681,329,It,af25c64e-1b00-4033-a61f-27b3233a1252
13404805-c2b3-40a8-9352-9d2ad501c155,330,Viva,60897359-343c-4a54-a35a-86aeea5698f9
bf370928-b994-4e81-8872-5ad131ed557d,331,Bitchip,a9dda535-dc03-4d12-871d-7169b7509f56
2682178a-7504-4a04-9d05-06ed6bf5c0c7,332,Alpha,cd878af5-da0b-490b-b83c-b27da477a9fe
2bab5049-a28e-44b3-b11e-786969702b3d,333,Fintone,87fcbeb4-111d-41dd-85aa-c0c48657f496
4d10f74f-d945-4226-b81e-5665c89a27f5,334,Subin,bfb6a7a7-33be-4b3b-a122-156f6b5690bc
59105221-e685-4209-871c-db5e98b89b1c,335,Subin,03bfde72-7cc6-4bbe-82ea-18d56bff83bf
c861c66e-0bbf-4f8c-8ab8-86809e17d3a8,336,Voltsillam,4d085bfa-d119-4376-b5b8-64ba0a7a945d
9f204d11-f081-4e23-a7db-577123c157d5,337,Asoka,e9e8f6f4-3d16-4066-8ebf-c390b6e66be1
00e9837c-921c-4cb0-a9a8-c58f7b9471e2,338,Tempsoft,9fe22b84-9080-4b87-b5ec-06bd0b025f78
9384e5f6-e04c-4f48-ab54-498bd68179b9,339,Voltsillam,4a031757-cc89-4838-bae7-aa4db354f2a3
cbd77d23-61c4-484b-9010-1e5f08b8d6b1,340,Lotstring,07c17013-6706-45fb-8975-016e67dff3cc
4b7ac082-8773-41aa-97ee-5fe371f1bd79,341,Bigtax,38e4acac-2dc6-4bc0-bbad-4ea795f599e6
68e4bab3-00e5-48ad-93bc-16d4f8e3aa9f,342,Fix San,58ddbfd0-b564-441d-9e7a-65377f631e28
fb0a328f-ad0a-44c9-ac40-229be461c729,343,Sonair,52cecc9a-e9fe-495d-a368-ed9afeac67da
0624575e-342f-4357-b8dc-4f1aa7eb7f68,344,Stim,ca064116-877c-461a-8421-6c80599373a7
a396dd77-1bd7-475d-9f71-ba6c567a5a9a,345,Gembucket,db96cb5c-ee66-4f62-881c-ea839eac7845
b437fcfc-f30d-4f2a-b0cc-edf266164d69,346,Holdlamis,21fc0311-4ac8-4470-814a-0809939e5b86
9a676215-82d5-412a-8b04-4b3c16848a64,347,Tempsoft,4628ddfc-c28d-41db-8615-15e9a64267e0
8f4f2e49-d49e-4d61-adf2-c462cb53c310,348,Subin,239730d4-acd5-43e5-9f6e-7b7aa28df46b
bd157358-7b0c-4e4e-9c1a-7d4b200940e0,349,Opela,81e4857a-b2f8-473e-8c44-a320ec097864
c8ea16d0-ea3b-4cd1-8f3a-1eccc980b3b9,350,Biodex,fde1bc30-08d1-4006-bf07-1cd1170bd952
ac6b8d1c-0fd1-476b-89f9-586786b47d54,351,Lotstring,7cc903a4-bc3d-4356-8684-313ad0e6ed8d
98c12194-f7b7-4d12-96ee-b0b1ccfe969a,352,Veribet,3e6ddef9-bc3e-489d-aae9-db4d4169459e
0f3876ec-bb9b-4853-b38b-8330b56e296d,353,Latlux,8dab8175-c884-42a3-8852-0c41184018e3
68e5ec0a-1e93-4c10-ae44-992393a47b54,354,Zamit,549be43e-9336-4d7a-b59a-d8928513e91d
98601452-6b77-461f-b203-e2e3ef6fac27,355,Duobam,4cee1f0c-0a2f-4abd-9c3b-282d7f57157a
d6540dde-88b0-4a78-ae62-688a2d8691af,356,Zontrax,e2f13da8-0298-4e79-822a-572b3d0d0d2d
795fee1b-1a9e-4e63-9850-cf69415ef90b,357,Prodder,36f27350-8ba4-4b68-9837-a720e8c011c5
67fcf64b-889e-4d9c-9363-d35530fd82f7,358,Aerified,f3880ef9-8e7b-4c55-b7fd-25e323c8e119
1c0c6da4-95c2-48e5-b552-41e31d5df7f4,359,Ventosanzap,ec7a4dcd-ec79-49da-99b6-9b90f8ba5dfb
53407b18-74e8-43aa-b16d-d371b8de2a05,360,Y-Solowarm,8ff03ebb-fd20-421d-af4a-eea55723dfab
aa2a8e15-0d31-43fb-988e-358c3111b2dd,361,Trippledex,14d58f5f-0720-466a-8052-013b26fa22a1
b6334251-318e-4023-bc0b-a7e14db4bd30,362,Kanlam,8b8d7242-3a9b-4cd1-be43-d0ace2cf8ac0
6445de06-7984-441d-a00d-120f07a8ee61,363,Voyatouch,dbaaa8c6-e138-4cd1-bd78-0f1ea71d8677
eea022a2-655f-4268-a0c9-43fa7df3fdee,364,Latlux,4059878b-0d4f-4178-90d7-33f64e52a2c1
97ac615c-7ec0-4d3b-95af-1f58d4e599c6,365,Hatity,f5c9a6a8-9dec-449f-9df1-35ff06713994
65f2ddec-08ea-4ea9-b6f0-809fab08eb40,366,Tresom,aba7a9d8-1d19-44a6-b1c2-f2e7a39d9a6e
6cc59a65-39ad-4016-88c0-c0acdcddb32f,367,Overhold,debf86f8-6b45-4c59-aa7a-b6390e943bd3
df905759-dcbb-4a38-9b62-94ac28a114cf,368,Konklab,085a5525-5447-4c57-b6ef-549f54dbe7dd
5e816ddc-a3ef-4b79-aad8-2bfbcbd48f5e,369,Kanlam,72d13ba4-5130-4f36-93e9-6623e9dfd82f
afe84fd6-e9e0-4cdc-a3f9-70f7833be364,370,Holdlamis,149a674d-163c-4fee-8ecb-96dd869d5ef7
0d33d356-f96a-4bec-8239-2a065c803681,371,Sonair,4c50dad2-7ca6-43d1-8e9a-c764c5ec5daf
e42f48af-9f65-406e-8ec1-c0b3e24a8cd0,372,Alphazap,e9f792ab-1da1-4ac3-8471-97062e78750d
4c463cb1-553e-4f8b-805a-78e2cabae91d,373,Sonair,243e45b2-294b-40e8-a5c0-1d1e061f649b
702a821e-3a8a-4494-962a-1252a29d57dd,374,Sub-Ex,f8bfa3e0-2104-4476-820c-1a31bf51ed39
8faf8dbf-c4d4-4fc1-a544-5bfc4f40d381,375,Fixflex,de9c46d1-c3ca-44da-bce7-ad4fd84d2e4c
e1cb720a-904d-48d7-be21-be36ca3b0d9f,376,Job,4a95c0ae-8f19-4cc1-8e8c-1bd7e03aef71
29395699-5a89-4b83-8a08-0837c40f0961,377,Rank,facd1a1e-5bdb-4fa5-bd7a-19bb5bbcc963
8d9ec7e4-b227-4d50-a424-6a0d1d87f7db,378,Transcof,3307188b-ab66-46da-9e1b-6d401c99715d
604b8dcd-f78f-4b5b-b0ea-34eae2d65d80,379,Treeflex,65e7f7b1-8359-4f36-aefd-00663535de9e
a07049fb-1d0f-4b62-a8d5-0b80c9e0599a,380,Daltfresh,0d2b5ed8-4236-4b37-8f84-dda726fd2d87
1b4feeb8-89ee-46d9-a405-55d013cad496,381,Konklab,2d844454-46f7-47e8-9321-d33494a609a1
69a5336b-2195-4698-bdac-e2e62ca9cf9a,382,Vagram,6ce2af49-8787-4e7d-84f6-85432fae6c4f
4ae9e66c-4ab0-4ae0-9bf5-b21c8b4064f9,383,Flexidy,3dd03867-ead2-4f6c-aadf-9b7e33bba020
dee87114-b510-4992-826b-a5bc2c1ada23,384,Voltsillam,eca57598-4287-4955-a793-9faf21ff875b
3061401e-6d43-41d0-aed4-e5a9053d084a,385,Mat Lam Tam,df30d4d2-66f3-4baf-b800-2c876e7ad703
ba5002ce-e72c-4515-b2e9-2d02660a92c2,386,Konklux,c180529b-8861-450b-aa4d-094dcfc0b118
5206b4a7-410e-44b9-8e9d-4cee529a481a,387,Asoka,cfa3d0d7-6915-46b1-a789-a1bfa974b127
c6f31ee2-d6b4-4de6-91df-5cb748d0227a,388,Aerified,709b6fb3-cb3d-43ec-8507-6b05daa9ab01
612d4de6-286a-4dda-a248-1c3db8429b9b,389,Bigtax,08bfd011-4677-4a94-a1e7-18f423c52523
a76cc431-47f1-43f4-9749-b96d68e91dd7,390,Zamit,0c4072b7-a81e-4f4f-b7f7-f49f9fc8638e
8d9b6944-5244-4eec-adb0-7a6437ba8f31,391,Alpha,d60bd7bc-73e5-42f5-bb2b-f7cd14ed5899
1e2e9b86-4bd8-476e-a4b2-1584fe129163,392,Alphazap,557d33bd-de7a-4dd2-95f0-92dd1219b862
4006dd2a-45d2-460c-84cf-bf8ce6e2daaa,393,Bamity,12ed450d-c786-46d6-9027-b967e35e253d
b00a971a-6b0d-4292-a151-584c7fac6b0d,394,Keylex,52ce992f-f32e-45fa-ad66-ab7b0a179685
9567ed2d-2c36-4165-9196-d7dd957f60a1,395,Mat Lam Tam,df585e19-01ca-4434-b587-3b5f22e8a997
b4459b45-4bdd-4bd3-99c2-afe19cb86ae5,396,Pannier,b8afd37a-0682-4b05-bf52-1f60dac51cbc
8ae9e6aa-044a-4b58-9fed-ddb9169ce26c,397,Lotlux,7af84d3e-0c11-4e24-923d-4219bfd2dd9d
67da80c5-8aeb-412d-919d-b0380aa38fbf,398,Rank,15d2911d-6c50-441b-ad4b-a5e0054d3e96
690a9736-96d2-48be-bebe-8bf9431b3cb5,399,Ventosanzap,33710428-273d-4597-b6ca-af39a61d7cd6
d8ecbf1b-c3bd-4ac4-871f-0eb3049cb9ad,400,Regrant,7298e139-84c5-4266-82c4-7c4a88b8d846
a7031849-3b69-4439-a4bb-7b0201555fd7,401,Job,7aecc177-0d35-4b59-86df-2ca348bb8e9c
690c7241-2532-4a54-91d0-7b960815b9a6,402,Flexidy,3444d664-d284-43d2-ae06-6eb8b11e5c62
c3d18612-8b5c-484b-a164-bdeb5ea6603d,403,Voltsillam,ea14e1e5-687a-490c-81e3-8b12367ebfca
ec1d42ab-a07d-43e9-82ce-90d0bd06b144,404,Gembucket,5df38626-13ed-4c16-9ec3-196ad82931b6
8bb3283c-dcb6-4e4d-b307-c14c22b3ab55,405,Trippledex,e5635155-c3e6-4249-9ac8-3bbc23547d11
41ece1e9-2cbd-487b-8727-8ea8862ae77e,406,Biodex,27944265-0e58-43c0-9ac9-f2a7c2601c30
86f8ee1f-6b5e-4e4f-a01c-768619d343d2,407,Overhold,bebe52c2-e3ff-4237-ad3d-4c71a4691ba8
70ddc6d9-1c10-4abc-90a5-a2c292683ee1,408,Trippledex,e37ce2b0-131f-41b4-8c35-fb224489cace
15a136a4-ea81-4c5f-aeda-3e23c0550980,409,Zoolab,b608f9bc-5304-4a3b-96c5-57d337366c88
cb18e648-ac03-49a2-950b-2ecc40de1de5,410,Namfix,01971875-1a29-4599-b3df-b4b5022a1d91
656d7a54-dd04-4a03-b41a-71accbded61b,411,Opela,6cba9872-d93a-497e-89b7-51974fa91cd1
796544eb-db3a-4742-af19-af4c000c44fc,412,Asoka,22742748-d998-4cd4-b9a6-e3ba3f844621
30e45f18-38bf-4a0b-932f-83c4a61e62aa,413,Sonair,a2aba11a-2d74-4b52-9562-5c27001d967f
05c12e80-0ea7-4ff2-b5b6-0c21c9bf744b,414,Veribet,c6a2e325-f855-4cfa-b13c-64a20b3f87cd
55c495d2-58ca-49c5-aa76-7642032a5338,415,Y-find,6d606484-09c4-4110-a0d2-40c7b1078e63
ab66d3f7-b799-4f0e-bf11-f747817fcc97,416,Keylex,70991a39-2055-4145-b0f9-3f0f904cc1e8
c39d40e4-0cc5-43c4-a6d5-317db6aa22a5,417,Bitchip,84855a9b-763c-452a-8210-80b438d05f8b
299e1b17-da98-4d57-9760-832aead96788,418,Bitwolf,1ad795f6-fb0c-4a6f-b021-1d6ef662aa47
876c03a3-78e7-4789-a40d-55043d701c32,419,Zoolab,41a65a64-b509-4166-9dfc-328c1c87c6f3
ee3bb452-31da-451e-82eb-7ad480b611f2,420,Domainer,56f23c7b-f6a3-40f4-b0c4-f4365b1cee3b
cf91bc2e-bec9-45ae-b7f0-44c7395e06c0,421,Overhold,7b7dfa84-6f78-42ab-98d8-7fc35e27c1fc
8424d256-d047-47a0-9a7a-a8139b46096c,422,Zoolab,05a9f2c5-704f-421e-a392-cfdbdbcd002d
4bf63e9e-9bda-4386-9545-4430ab1dd9dd,423,Sub-Ex,df6bfaaa-63a9-42a8-8886-4f23c748d6ce
fff06590-785e-4780-bfaf-a256e45711b0,424,Overhold,3c7e47d8-5e39-4ce4-994c-0bf7e75479f4
057ae157-5abf-443e-bd59-a391bf6f7745,425,Voltsillam,9acd96cf-0658-4e38-b22d-0243f7dcb69a
ee407182-26e6-4f63-ac8f-6121eaa2d913,426,Flexidy,c156481e-0db9-4ee7-8da5-9e78ba2760a5
5900cab7-383c-48f9-92ec-90f6f0b1d9c3,427,Lotstring,1f2662c1-9118-4f9d-a3df-8de03ca08d72
dfc1caf8-a223-4868-9102-80b72393e7e7,428,Domainer,e28e0f1f-faf0-4cd2-a1bc-870908021b87
72625c6c-b04e-4ef6-a69e-ffa380a4eeb9,429,Biodex,02daba78-cce0-440f-9a0e-cfa15b577f4c
7fd6c591-fc13-4c49-8326-732336603475,430,Quo Lux,032779ef-4e2e-4d34-865d-fb8e08bcab43
f423650e-14b3-47ed-8f2f-46904e80fc79,431,Sonsing,ca1dd6d7-ec7a-4f06-866e-dedc32dda5e9
a56bc178-7e01-4f86-affc-cf795f514c2c,432,Kanlam,2832f9e8-17fd-4db5-9732-4e756715d58f
70f6ce35-65d9-42e2-9419-6be23fafbff2,433,Sonsing,b5cd2c42-85db-458d-bea3-f992d5e166f7
af88e83d-e7c0-44bd-ae42-670c6d98f047,434,Daltfresh,9d962ab7-58c0-4322-b8eb-545418e57aeb
5e5883dc-cf68-44fa-9154-faee24cd2570,435,Stronghold,c2d50b53-e0f7-4179-a20b-2bd746d20a26
af3c5af0-766e-403d-86c3-e2fd1e19592a,436,Bytecard,376cc45f-cb75-4980-9af6-8c65976c6d66
c584ffa3-2915-4bbf-88dc-225f9b32d39a,437,Y-find,14f7060d-9783-4877-87ea-4d692fdc1954
cb3149b9-9bb7-4336-bd5c-5bb03fa00e4c,438,Zontrax,7f773972-8b62-4600-87f0-42715d7067c5
30ae5557-1801-4f6b-95e7-6316584733e6,439,Matsoft,007818ed-ca27-4802-9560-7526d9e27859
838ae788-4bfa-4bf2-a650-0ffebd3b1d86,440,Asoka,7f358917-3e8c-487d-a120-e7a34e4abe6c
048b182a-860c-4873-8b93-c29db9dad437,441,Alpha,12e108f3-775d-4653-a243-b97d4057827e
851ad471-b896-440c-bdc3-5f0da13ddfba,442,Bitwolf,074fd7e6-ba4b-48a9-b442-8249ebaf8d57
0265b956-2ea2-4a24-b3f4-ba132acd9083,443,Job,7f3018e8-1998-4086-a7ff-3b74f8ec288b
9eda2c23-1135-455c-801b-0bac0a1c5d98,444,Rank,e31cae87-f539-4933-a39a-59bd08a08672
d8eb2536-3a9d-4380-9a48-7e0dc47d1619,445,Cardify,2f82beba-412f-47e3-820f-d3a5e4816b7b
18ac1889-3dea-4a1d-a084-386bb9ccfe37,446,Bigtax,440dd4f1-d562-4d04-8da3-4be388de9848
7c7f1fc2-959a-4690-a16c-04c5bb3f4db4,447,Namfix,d2adb59e-4f83-42a7-945b-0ca97112c48f
8605ef2b-cb20-418c-8be4-5290d759dd1f,448,Job,5a8e8e83-6649-4d3f-90e2-7958ecf339ee
72e3bb62-02b6-4f22-9647-04f3bd9879ee,449,Ventosanzap,dc58b859-de23-4341-b0b3-85e5dae28460
b7fc7084-0f0c-4182-b9f9-663b7b41d1cf,450,Tresom,ab57b3dc-6591-46b7-8688-d5bc57349138
da426817-e15c-4583-a985-a052573e4f00,451,Andalax,607457ec-f187-45b1-88b9-4698e0e0eb50
9b7e61be-7d24-4e84-9547-b6b09a860983,452,Pannier,c5acf175-19df-4e9e-ab33-b964baee6ebd
304c5a3a-1e24-4127-9c8a-a83abf465e88,453,Overhold,45318ce6-2a39-4c2c-b0a8-370c65f4dde5
240d7fce-da78-43f1-baf1-186f53aa64ac,454,Kanlam,dcd13d01-40a2-4103-97e9-eb4a624b36bf
69390399-c63b-456f-ba4d-5450deb90a27,455,Y-Solowarm,810c429d-1647-4e40-aee0-7e2883cf8f51
504a2750-6970-4dee-a037-1d8515b0900b,456,Span,f7d2d178-b693-490a-8c1b-0fac1d6c089f
488a25ac-c988-4fc5-9787-ff05a79891cb,457,Cardguard,75d61515-9bd3-4f92-8b7e-a7542b32fd49
3ed53f50-a621-4bec-b418-b29272cfa0de,458,Voyatouch,dcea490a-11e5-4c1e-8ea1-2f109f37ab3e
71abc981-b1fc-48e4-a7ef-3fa0205b630d,459,Quo Lux,1bab45d7-df4a-4dee-a89e-05bf287ff5e7
4b506375-2bfa-4876-9968-a04d9c4b9c23,460,Job,6af1cb87-757c-48fd-b856-3c2253abf2b5
4f272c52-d135-4ebe-984f-736bec7ee9b0,461,Bamity,62ee7e21-aa34-4bc1-b9d7-516a860a5e6d
3ce9c585-cef1-4274-b81c-3c082750e521,462,Treeflex,cdc14130-7bdb-4d7f-ab84-1e701bc2f6c4
0b104526-f211-4b65-82d0-e1bd1055f5c1,463,Hatity,8712fbad-0681-4d1d-a2a6-44f5b31a435a
56f5f308-daf8-43ca-b53e-4520a6958b7e,464,Bytecard,3695825e-5ed9-4d4b-bf3a-84a5482dd390
7e27d844-3a7d-407d-bbee-669e6a44d0c3,465,Tresom,37055fa7-ecaa-4907-85b3-76ca7477f152
1411dbdf-f54a-4eda-957d-7eb84707a614,466,Job,9f38952a-8081-481b-8629-a699258b9221
daeb3c5f-d83e-4895-bae9-ee33d0aed1ee,467,Job,629f457d-961a-4de7-9628-ac81c86d8508
548bc901-b158-449c-bfa6-69dce3a19910,468,Sonsing,906a859a-bc64-4539-bc64-1a06a464365d
9f7d1dd9-5fbd-4b40-984b-d59c1b74c73b,469,Sub-Ex,685ff07e-2670-4a03-a348-530dd803e0cb
96c4ce95-e636-4c1d-9959-42c329ccdfb1,470,Stronghold,9454f2d9-d2d7-4c54-a198-e40a0121a95d
9e199978-f57a-46d7-aae7-e776cb8a1688,471,Toughjoyfax,1f7acf3c-5a4d-45c8-aec2-545c260e9479
a15f1395-b734-4865-b3b3-95d7b2d17bc7,472,Tempsoft,1ce2e8d7-a3db-46b1-b914-8f04ff0f9e2a
2adccafb-314d-45de-b3ab-19fb3d44892a,473,Sub-Ex,ff3be9ab-a535-42f7-b760-1cc8d008a4ae
49b6ba8a-0f5c-4942-a266-fc15957d86f0,474,Zaam-Dox,7746b725-2353-45ad-be44-ac875f91dfaf
a9c875fc-7466-47af-9805-f4d4a80ddfba,475,Opela,da4c364e-4e78-41e5-898b-7e9275f477aa
5e7f9536-7b12-4229-949d-44ac9f2a79dc,476,Bitwolf,670de486-b52f-497b-a988-12ab74a92bd7
06bf3121-4168-4707-9987-f8ca0d993a06,477,Tin,c27a0562-2b47-4ed6-8059-eb8e910d7052
e1ed1e53-5aeb-48d8-8899-9d400a5673c7,478,Flexidy,86e004e6-d28f-4825-9a81-883946f0082d
e4061106-1368-4fe9-b7ea-bb8de364b68d,479,Zamit,193454b8-9cbb-4325-b60c-1dd9f6f482d7
b8116702-8db1-475c-8bfd-52f722ced2c1,480,Job,a6676af8-0718-4b8e-ab7d-50aa09aa9f9e
792bcbe5-1db0-47f0-8215-bc7ace6f51cd,481,Ventosanzap,6b30e474-5838-4096-9543-0c035eae3140
5985f0f7-0875-45db-b3d0-6440e6d8532e,482,Temp,d1f39746-1fd8-4095-b827-8d08c961a788
86d6b1f0-a356-47f3-b819-aa1bcd50e711,483,Bytecard,82c4585a-f736-4b1e-8d50-c3b49a282720
fab4fea1-d4fc-48ea-aeeb-148531b5a718,484,Home Ing,d2753ff9-f19c-441b-b265-73d14f91a63b
458f05b2-2cd2-4f1c-971b-de2434b9cbda,485,Home Ing,84757335-9d67-4982-9263-640dbcdf636f
a15025a3-9fd0-44dc-9343-8b21e35d1247,486,Cardguard,8d939047-5280-4e91-b21c-9f712404668b
9094bfae-32b9-41ec-9d55-0df21c52fb0b,487,Subin,594407ca-ac86-4630-8019-4a60536229ad
881ecfd4-1ac5-4e3d-add0-90300aa3768f,488,Asoka,3f7d098d-ce23-4a74-a10f-4be79ff5ba52
efa2b6c6-4031-4283-8221-6e50cb40a551,489,Voltsillam,6abf80ea-03c2-4da5-b238-d84c09da6146
57b6cdce-e1a2-489e-8e51-88b76ffdd926,490,Alpha,a5ecedb4-4c82-4331-9792-b873e688f335
f11bd522-a0d6-4872-9073-f29359a3183c,491,Bigtax,f3f84168-efd7-4463-acab-62285b7f6348
15ec6220-1bb6-41d4-8739-c22ceafc6095,492,Sonsing,e655e62a-4a16-47c2-9f3f-a8b2381031a9
1ac384f9-29a6-47a1-aca4-275f74d0b071,493,Zontrax,21467be0-d148-42ea-ac9e-9e42dc446cb1
238a1770-7aea-4760-be10-90fdea28099d,494,Hatity,46d7f77c-a59c-4c42-8f0f-dc2fa4b0fb6e
28f7037f-59b2-4cdc-b906-bc7721422785,495,Andalax,be14cbe7-a6ac-4121-83e0-0eaa06595b7b
88c90936-b6c2-43f5-8c8b-fd58efcf5775,496,Home Ing,db941961-4f33-4ff8-97e2-086a78b1d3c9
340e0859-cf34-4b34-bbbf-713f7a30bf97,497,Fixflex,db2c4b9d-210e-48bb-aa2a-2c1701d87477
0bc0d169-e0d4-453e-8f32-eb110663cae6,498,Fix San,7c3eec75-5127-4c49-8c00-582e98ee3012
fcb84e25-07a5-47e9-94ec-a90232b0858b,499,Lotlux,e3d40963-b70d-4662-ad1b-1e3d441f4f92
8b792753-d849-429b-b8a8-182246cc6d3b,500,Fintone,d57f29a3-a1ea-40ae-bc10-5e8a7ecf328a