id,name,startDate,endDate,processingScheduleId
516ac930-0d28-49f5-a178-64764e22b236,Jan2017,2017-01-01,2017-01-31,9c15bd6e-3f6b-4b91-b53a-36c199d35eac
04ec3c83-a086-4792-b7a3-c46559b7f6cd,Feb2017,2017-02-01,2017-02-28,9c15bd6e-3f6b-4b91-b53a-36c199d35eac
61694e82-1be6-40a4-9aaa-bfbb720a0d7d,Mar2017,2017-03-01,2017-03-31,9c15bd6e-3f6b-4b91-b53a-36c199d35eac
c9287c65-67fa-4958-adb6-52069f2b1379,Apr2017,2017-04-01,2017-04-30,9c15bd6e-3f6b-4b91-b53a-36c199d35eac
2d490229-02f8-4235-9be4-1443fd8f7b4f,May2017,2017-05-01,2017-05-31,9c15bd6e-3f6b-4b91-b53a-36c199d35eac
a91dfbdf-0d9b-4cb1-9d46-0a47b17d22d0,Jun2017,2017-06-01,2017-06-30,9c15bd6e-3f6b-4b91-b53a-36c199d35eac
f55d9dda-d440-40c0-a793-914e0fe1f579,Jul2017,2017-07-01,2017-07-31,9c15bd6e-3f6b-4b91-b53a-36c199d35eac
ecd6c3c8-f80c-4c4e-af9a-d0529b55424a,Aug2017,2017-08-01,2017-08-31,9c15bd6e-3f6b-4b91-b53a-36c199d35eac
c08e1295-793f-4550-933b-571e117f15d9,Sep2017,2017-09-01,2017-09-30,9c15bd6e-3f6b-4b91-b53a-36c199d35eac
2a9fddb6-5dd3-4dde-81f3-c19629257986,Oct2017,2017-10-01,2017-10-31,9c15bd6e-3f6b-4b91-b53a-36c199d35eac
1f3c89b2-13e4-4a72-9ef2-228302cc5a25,Nov2017,2017-11-01,2017-11-30,9c15bd6e-3f6b-4b91-b53a-36c199d35eac
96da0fc3-28fd-4a3f-87a8-b5cdb175c45a,Dec2017,2017-12-01,2017-12-31,9c15bd6e-3f6b-4b91-b53a-36c199d35eac
f419bcd8-ac7a-4b75-8c84-c065ef437938,2017Q1,2017-01-01,2017-03-31,057921bd-1841-4748-8523-dbe5ebb58368
c5012ddf-b145-4eee-9640-b2cbf4f2da85,2017Q2,2017-04-01,2017-06-30,057921bd-1841-4748-8523-dbe5ebb58368
65671374-66e2-4a11-a7dc-05b645c6d815,2017Q3,2017-07-01,2017-09-30,057921bd-1841-4748-8523-dbe5ebb58368
7880be4f-6582-472a-9ea5-a6baed71e6e5,2017Q4,2017-10-01,2017-12-31,057921bd-1841-4748-8523-dbe5ebb58368
baf98c9a-408b-4e9e-b56a-38640c7dfed6,2018Q1,2018-01-01,2018-03-31,057921bd-1841-4748-8523-dbe5ebb58368
a4eefb4e-2bb6-4793-9f70-2cc5365de7c6,2018Q2,2018-04-01,2018-06-30,057921bd-1841-4748-8523-dbe5ebb58368
f2cecbc4-c6cc-48ca-b4e7-11e69238b386,2018Q3,2018-07-01,2018-09-30,057921bd-1841-4748-8523-dbe5ebb58368
8d870ab0-a8d5-11e7-abc4-cec278b6b50a,2018Q4,2018-10-01,2018-12-31,057921bd-1841-4748-8523-dbe5ebb58368
